"","baker","last_name","series","baker_age","baker_occupation","hometown","episode","signature_bake","show_stopper","technical","result"
"1","Ali","Imdad",4,25,"Charity worker","Saltley, Birmingham",1,"Rose and Pistachio Cake","Chocolate, Raspberry and Passion Fruit Engagement Cake",11,"IN"
"2","Ali","Imdad",4,25,"Charity worker","Saltley, Birmingham",2,"Italian Grissini","Sweet and Savoury Yin Yang Bread",9,"IN"
"3","Ali","Imdad",4,25,"Charity worker","Saltley, Birmingham",3,"Coconut, Raspberry and Lemon Meringue Trifle","Vanilla Latte Mini CakesLime & Mint Shortbread Pops",5,"IN"
"4","Ali","Imdad",4,25,"Charity worker","Saltley, Birmingham",4,"Apple and Ginger Pie with a Pecan and Walnut Shortcrust Pastry","Orange, Cardamom and Date M'Hanncha",8,"OUT"
"5","Alice","Fevronia",10,28,"Geography teacher","Essex",NA,NA,NA,NA,NA
"6","Alvin","Magallanes",6,37,"Nurse","Bracknell, Berkshire",1,"Orange Vanilla and Fig Madeira Cake","Black Forest Gâteau",2,"IN"
"7","Alvin","Magallanes",6,37,"Nurse","Bracknell, Berkshire",2,"Jackfruit, Pistachio and Macadamia Biscotti","Gingerbread Box filled with Brandy Snaps",6,"IN"
"8","Alvin","Magallanes",6,37,"Nurse","Bracknell, Berkshire",3,"Prosciutto, Manchego and Balsamic Onion Soda Breads","Cornucopia",4,"IN"
"9","Alvin","Magallanes",6,37,"Nurse","Bracknell, Berkshire",4,"Blackberry Crème Brûlées","Tower of Fruits Cheesecakes",9,"IN"
"10","Alvin","Magallanes",6,37,"Nurse","Bracknell, Berkshire",5,"Pineapple Upside Down Cake","Buko Pandan, Mango and Passion Fruit Ice Cream Roll",8,"IN"
"11","Alvin","Magallanes",6,37,"Nurse","Bracknell, Berkshire",6,"Plum Frangipane Tart","Smoked Salmon En Croûte and Vermouth Chicken à la King Vol-au-vents",6,"OUT"
"12","Amelia","LeBruin",10,24,"Fashion designer","Halifax",NA,NA,NA,NA,NA
"13","Andrew","Smyth",7,25,"Aerospace engineer","Derby / Holywood, County Down",1,"Lemon and Rosemary Drizzle Cake","'Ultimate Indulgence' Mirror Glaze Cake",12,"IN"
"14","Andrew","Smyth",7,25,"Aerospace engineer","Derby / Holywood, County Down",2,"Beehive Biscuits","Punting in Cambridge",4,"IN"
"15","Andrew","Smyth",7,25,"Aerospace engineer","Derby / Holywood, County Down",3,"Chocolate Barmbrack Bread","Braided Harvest Bread Basket",2,"IN"
"16","Andrew","Smyth",7,25,"Aerospace engineer","Derby / Holywood, County Down",4,"Yorkshire 'Tapas' Puddings","Churros Window Box",4,"IN"
"17","Andrew","Smyth",7,25,"Aerospace engineer","Derby / Holywood, County Down",5,"Mum and Dad's Breakfast Pastries","Spicy Chorizo Squash Parcels and Baklava Bites",6,"IN"
"18","Andrew","Smyth",7,25,"Aerospace engineer","Derby / Holywood, County Down",6,"Tangy Lime and Ginger Meringue Pie","Spring Elderflower Trio",6,"IN"
"19","Andrew","Smyth",7,25,"Aerospace engineer","Derby / Holywood, County Down",7,"Tropical Holiday Roulade","Childhood Ice Cream Mousse Cakes",1,"STAR BAKER"
"20","Andrew","Smyth",7,25,"Aerospace engineer","Derby / Holywood, County Down",8,"Da Vinci Inspired Geared Pies","Jousting Knights Marchpane",2,"IN"
"21","Andrew","Smyth",7,25,"Aerospace engineer","Derby / Holywood, County Down",9,"Cheesy Elephant Ears and Herby Treble Clefs","Philharmonic Fondants",2,"STAR BAKER"
"22","Andrew","Smyth",7,25,"Aerospace engineer","Derby / Holywood, County Down",10,"Crunchy Caramel Cassis Crown","Family and Friends' Favourites Picnic",1,"Runner-up"
"23","Annetha","Mills",1,30,"Midwife","Essex",1,"Light Jamaican Black Cakewith Strawberries and Cream","Red, White & Blue Chocolate Cake with Cigarellos, Fresh Fruit, and Cream",2,"IN"
"24","Annetha","Mills",1,30,"Midwife","Essex",2,"Rose Petal Shortbread","Pink Swirl Macarons / Eclairs",7,"OUT"
"25","Antony","Amourdoux",9,30,"Banker","London",NA,NA,NA,NA,NA
"26","Beca","Lyne-Pirkis",4,31,"Military Wives' Choir Singer","Aldershot, Hampshire",1,"Grapefruit Sandwich Cake","Chocolate Cherry Indulgence",8,"IN"
"27","Beca","Lyne-Pirkis",4,31,"Military Wives' Choir Singer","Aldershot, Hampshire",2,"Fennel and Chilli Breadsticks","Five Strand Christmas Wreath",11,"IN"
"28","Beca","Lyne-Pirkis",4,31,"Military Wives' Choir Singer","Aldershot, Hampshire",3,"Orange and Ginger Trifle","Limoncello and Blueberry BurstsMillionaire Shortbread",10,"IN"
"29","Beca","Lyne-Pirkis",4,31,"Military Wives' Choir Singer","Aldershot, Hampshire",4,"Mamgu's Cherry-Apple Tart","Moroccan Vegetable Filo Feast",2,"IN"
"30","Beca","Lyne-Pirkis",4,31,"Military Wives' Choir Singer","Aldershot, Hampshire",5,"Chocolate, Cherry and Hazelnut Brownies","Tiered Macaron and Sugar Dough Biscuit Centrepiece",5,"IN"
"31","Beca","Lyne-Pirkis",4,31,"Military Wives' Choir Singer","Aldershot, Hampshire",6,"Bara Brith","Chocolate and Rum-Soaked Prune BriochesCardamom Spiced Lemon Iced Buns",6,"IN"
"32","Beca","Lyne-Pirkis",4,31,"Military Wives' Choir Singer","Aldershot, Hampshire",7,"Spring Lamb and Vegetable Suet Puddingwith Redcurrant Gravy","Nectarine and Frangipane SquaresChocolate and Hazelnut Vol-au-ventsStrawberries and Cream Mille-feuille",1,"IN"
"33","Beca","Lyne-Pirkis",4,31,"Military Wives' Choir Singer","Aldershot, Hampshire",8,"Potato, Spelt and Rosemary Focaccia","Spiced Butternut Squash and Pecan 'Cheese' Cake",4,"IN"
"34","Beca","Lyne-Pirkis",4,31,"Military Wives' Choir Singer","Aldershot, Hampshire",9,"Stilton and Walnut MacaronsBeetroot and Salmon Choux PuffsWelsh Rarebit Tartlets","Banoffee Opera Cake",3,"OUT"
"35","Ben","Frazer",2,31,"Graphic Designer","Northampton",1,"Rhubarb and Custard CupcakesAfter Dinner Cupcakes","Vanilla Sponge with White Chocolate and Raspberry Buttercream",2,"IN"
"36","Ben","Frazer",2,31,"Graphic Designer","Northampton",2,"Chorizo, Pepper and Gruyere Quiche","Lemon Meringue Tarts",1,"IN"
"37","Ben","Frazer",2,31,"Graphic Designer","Northampton",3,"Walnut, Raisin and Rosemary Loaf","UNKNOWN",3,"IN"
"38","Ben","Frazer",2,31,"Graphic Designer","Northampton",4,"Stem Ginger Nuts","Chocolate and Almond MacaronsPine Nut MacaronsPistachio Macarons",5,"OUT"
"39","Benjamina","Ebuehi",7,23,"Teaching assistant","South London",1,"Pistachio, Cardamom and Lemon Drizzle Cake","White Chocolate Mirror Glaze with Salted Praline Buttercream",6,"IN"
"40","Benjamina","Ebuehi",7,23,"Teaching assistant","South London",2,"Bouquet Biscuits","New York, New York",3,"IN"
"41","Benjamina","Ebuehi",7,23,"Teaching assistant","South London",3,"Chocolate, Tahini and Almond Babka","Braided Bread Heart",6,"IN"
"42","Benjamina","Ebuehi",7,23,"Teaching assistant","South London",4,"Red Onion Chutney, Brie and Bacon Yorkshire Puddings","Tropical Churros",1,"STAR BAKER"
"43","Benjamina","Ebuehi",7,23,"Teaching assistant","South London",5,"'Good Morning America' Swirls and Peanut Butter and Banana Pinwheels","Plantain and Spinach Samosas and Chai Pear Cups",5,"IN"
"44","Benjamina","Ebuehi",7,23,"Teaching assistant","South London",6,"Grapefruit and Ginger Meringue Pie","Floral Tea Cake",2,"IN"
"45","Benjamina","Ebuehi",7,23,"Teaching assistant","South London",7,"Piña Colada Roulade","Apple Crumble Mousse Cake and Chocolate Coffee Mousse Cake",3,"IN"
"46","Benjamina","Ebuehi",7,23,"Teaching assistant","South London",8,"Mexican Adventure","Tudor Garden",4,"OUT"
"47","Brendan","Lynch",3,63,"Recruitment consultant","Sutton Coldfield",1,"Plum, Sour Cherry & Walnut","UNKNOWN",10,"IN"
"48","Brendan","Lynch",3,63,"Recruitment consultant","Sutton Coldfield",2,"Middle Eastern Taboon BreadIndian Rotis","Chocolate and Vanilla Bagels
Cumin and Gruyere Bagels",4,"IN"
"49","Brendan","Lynch",3,63,"Recruitment consultant","Sutton Coldfield",3,"Apple and Ginger Tarte Tatin","Blackberry, Nectarine and Dragon Fruit Tart",9,"IN"
"50","Brendan","Lynch",3,63,"Recruitment consultant","Sutton Coldfield",4,"Clementine and Chestnut Torte","Pear, Chocolate and Hazelnut Dacquoise",1,"STAR BAKER"
"51","Brendan","Lynch",3,63,"Recruitment consultant","Sutton Coldfield",5,"Salmon Coulibiac in a Scandinavian Pastry","All American Chiffon Pie",3,"IN"
"52","Brendan","Lynch",3,63,"Recruitment consultant","Sutton Coldfield",6,"Rhubarb, Strawberry and Ginger Puddings
Sticky Toffee Puddings","Spinach, Cheese and Walnut Strudel",1,"STAR BAKER"
"53","Brendan","Lynch",3,63,"Recruitment consultant","Sutton Coldfield",7,"Chelsea Bunskis","Black Forest Christmas Stollen",4,"IN"
"54","Brendan","Lynch",3,63,"Recruitment consultant","Sutton Coldfield",8,"Multi-Seed Savoury Crackers","Fantasy Gingerbread Bird House",2,"IN"
"55","Brendan","Lynch",3,63,"Recruitment consultant","Sutton Coldfield",9,"Coffee Meringue and Hazelnut CreamsApricot and Pistachio FriandsLime Curd Choux Pastry Cygnets","Gateau St. Honoré",3,"IN"
"56","Brendan","Lynch",3,63,"Recruitment consultant","Sutton Coldfield",10,"Potato and Pepper Pithivier","Family Reunion Chiffon Cake",2,"Runner-up"
"57","Briony","Williams",9,33,"Full-time parent","Bristol",NA,NA,NA,NA,NA
"58","Candice","Brown",7,31,"PE teacher","Barton-Le-Clay, Bedfordshire",1,"Raspberry and Rhubarb Drizzle Custard Bundt Cake","Mirror Mirror On The Wall, Who Is The Shiniest Cake Of Them All?",5,"IN"
"59","Candice","Brown",7,31,"PE teacher","Barton-Le-Clay, Bedfordshire",2,"Salted Caramel, Chocolate Iced Shiny Hearts","Gingerbread Pub with Sticky Ginger Carpet",8,"STAR BAKER"
"60","Candice","Brown",7,31,"PE teacher","Barton-Le-Clay, Bedfordshire",3,"Chocolate, Salted Caramel & Pecan Brittle Brioche Loaf","Italian Light and Dark Rye Twist",3,"IN"
"61","Candice","Brown",7,31,"PE teacher","Barton-Le-Clay, Bedfordshire",4,"Yorkshire Wellingtons","Two-Way Peanut Butter Churros",2,"IN"
"62","Candice","Brown",7,31,"PE teacher","Barton-Le-Clay, Bedfordshire",5,"Danish Pastry Croque Monsieur Kites and Cinnamon Apple, Vanilla Crème Rose Danish","Sausage, Black Pudding and Apple Rounds and Banoffee Whiskey Cups",2,"STAR BAKER"
"63","Candice","Brown",7,31,"PE teacher","Barton-Le-Clay, Bedfordshire",6,"Lime, Coconut and Lemongrass Sugar Meringue Pie","Four Seasons Cake",5,"IN"
"64","Candice","Brown",7,31,"PE teacher","Barton-Le-Clay, Bedfordshire",7,"Crowd Pleaser Roulade","Blackberry and Raspberry Bubbles and After Dinner Mousse",2,"IN"
"65","Candice","Brown",7,31,"PE teacher","Barton-Le-Clay, Bedfordshire",8,"Cheesy Cheeky Fish Pies","Peacock",1,"STAR BAKER"
"66","Candice","Brown",7,31,"PE teacher","Barton-Le-Clay, Bedfordshire",9,"Red Onion, Cambozola and Walnut Palmiers and Mushroom, Streaky Bacon, and Parmesan Palmiers","Chocolate Praline Fondant Fancies and Cherry Bakewell Fondant Fancies",3,"IN"
"67","Candice","Brown",7,31,"PE teacher","Barton-Le-Clay, Bedfordshire",10,"Queen Victoria's Mango and Strawberry Crown","Picnic for Pearly Kings and Queens",2,"WINNER"
"68","Cathryn","Dresser",3,27,"Shop assistant","Pease Pottage, West Sussex",1,"Apple, Hazelnut and Calvados","Hidden Cupcake Cake",5,"IN"
"69","Cathryn","Dresser",3,27,"Shop assistant","Pease Pottage, West Sussex",2,"Spiced Mango NaanLime, Coriander and Chilli Tortillas","Cranberry and Orange Bagels
Chipotle, Chili, and Smoked Cheddar Bagels",8,"IN"
"70","Cathryn","Dresser",3,27,"Shop assistant","Pease Pottage, West Sussex",3,"Plum, Cherry and Five Spice Tarte Tatin","Raspberry, Pistachio and Lemon Tart",3,"IN"
"71","Cathryn","Dresser",3,27,"Shop assistant","Pease Pottage, West Sussex",4,"White Chocolate, Macadamia and Coffee Torte","Gooseberry, Almond and Honey Meringue",3,"IN"
"72","Cathryn","Dresser",3,27,"Shop assistant","Pease Pottage, West Sussex",5,"Full English Wellington","Chocolate and Peanut Butter Pumpkin Pie",1,"IN"
"73","Cathryn","Dresser",3,27,"Shop assistant","Pease Pottage, West Sussex",6,"Chocolate Walnut Whip Puddings
Elderflower Sponges","Roasted Vegetable Couscous and Sheep Cheese Strudel",3,"IN"
"74","Cathryn","Dresser",3,27,"Shop assistant","Pease Pottage, West Sussex",7,"Lady Arundel's Manchet Buns","Bonfire Night Tear 'n' Share Brioche",5,"IN"
"75","Cathryn","Dresser",3,27,"Shop assistant","Pease Pottage, West Sussex",8,"Cheese and Pickle Crackers","Gingerbread Buckingham Palace",5,"OUT"
"76","Chetna","Makan",5,35,"Fashion Designer","Broadstairs, Kent",1,"Cardamom, Pistachio and Coffee Swiss Roll","Tiered Victoria Sponges with Lemon Curd and Raspberry Cream",3,"IN"
"77","Chetna","Makan",5,35,"Fashion Designer","Broadstairs, Kent",2,"Fenugreek and Carom Crackers","Day On The Beach",8,"IN"
"78","Chetna","Makan",5,35,"Fashion Designer","Broadstairs, Kent",3,"Onion and Pine Nut Rolls","Rolled and Filled Twin Loaf",8,"IN"
"79","Chetna","Makan",5,35,"Fashion Designer","Broadstairs, Kent",4,"Rhubarb, Strawberry and Orange Puddings","Mango, Raspberry and Coconut Baked Alaska",3,"IN"
"80","Chetna","Makan",5,35,"Fashion Designer","Broadstairs, Kent",5,"Rice Custard Tart with Mangoes and Raspberries","Fusion Tiered Pies",2,"IN"
"81","Chetna","Makan",5,35,"Fashion Designer","Broadstairs, Kent",6,"Orange Savarin with Cinnamon Cream","Almond Liqueur Dobos Torte with Chocolate Caramel Buttercream",2,"STAR BAKER"
"82","Chetna","Makan",5,35,"Fashion Designer","Broadstairs, Kent",7,"Crispy Lentil Kachori","Chocolate and Mango & Lemon Meringue Éclairs",6,"IN"
"83","Chetna","Makan",5,35,"Fashion Designer","Broadstairs, Kent",8,"Date and Walnut Swirl Bread","Chocolate Mousse Filled DoughnutsBraided Doughnuts",1,"IN"
"84","Chetna","Makan",5,35,"Fashion Designer","Broadstairs, Kent",9,"Chocolate Orange Baklava Masala Chai Baklava","Chocolate, Orange & Nut EntremetsCappuccino Entremets",4,"OUT"
"85","Chris","Geiger",8,50,"Software developer","Bristol",1,"Tropical Fresh Fruit Cake","'Raised Pork Pie and Egg Surprise' Cake",12,"IN"
"86","Chris","Geiger",8,50,"Software developer","Bristol",2,"Chocolate Chia Seed Biscuits with Whisky Caramel Filling","'The Great British Sail Off' Game",11,"OUT"
"87","Christine","Wallace",4,66,"Director of an engraving company","Didcot, Oxfordshire",1,"Strawberry, Vanilla and Rosewater Summer Basket","Chocolate and Orange 'Fripperous' Hat Cake",3,"IN"
"88","Christine","Wallace",4,66,"Director of an engraving company","Didcot, Oxfordshire",2,"Mediterranean Breadsticks with Oregano","Double Plaited Loaf",4,"IN"
"89","Christine","Wallace",4,66,"Director of an engraving company","Didcot, Oxfordshire",3,"Caribbean Pina Colada Trifle","Ninety-NinersSachertorte Parcels",4,"STAR BAKER"
"90","Christine","Wallace",4,66,"Director of an engraving company","Didcot, Oxfordshire",4,"Granny Rogers' Apple, Plum & Cinnamon Country Pie","Roasted Vegetable Filo Pie with Feta Cheese",7,"IN"
"91","Christine","Wallace",4,66,"Director of an engraving company","Didcot, Oxfordshire",5,"Mixed Berry and Almond Crumble Traybake","Shortbread Bavarian Clock Tower",1,"STAR BAKER"
"92","Christine","Wallace",4,66,"Director of an engraving company","Didcot, Oxfordshire",6,"Oxford Nutty Fruit Loaf","Schnecken BunsVanilla Custard Skolebrød",4,"IN"
"93","Christine","Wallace",4,66,"Director of an engraving company","Didcot, Oxfordshire",7,"Spotted Dick 'With a Kick'and Vanilla Custard Ice Cream","Eccles CakesFresh Fruit BasketsLemon Cream Eton Mess Mille-feuille",6,"IN"
"94","Christine","Wallace",4,66,"Director of an engraving company","Didcot, Oxfordshire",8,"Multi-Seeded Loaf with Pumpkin, Sesame and Sunflower Seeds","Sweet Potato Guitar with Passion Fruit Icing and Marshmallow Fondant",5,"OUT"
"95","Yan","Tsou",8,46,"Laboratory research scientist","North London",1,"Windfall Apple Crumble Cake","'Banana-ramen' Cake",4,"IN"
"96","Yan","Tsou",8,46,"Laboratory research scientist","North London",2,"'Mrs. Marian's PB 'n' B' Biscuits","'Adventures in Bakeland' Game",1,"IN"
"97","Yan","Tsou",8,46,"Laboratory research scientist","North London",3,"'Mrs P's' Masala Chai Spiced Teacakes","'Basil the Vegetarian Dragon with his Pumpkin Hoard' Bread Sculpture",8,"IN"
"98","Yan","Tsou",8,46,"Laboratory research scientist","North London",4,"'Lil' Red's Ginger and Nuts' Millionaire Shortbreads","Animals of the Rainforest Caramel Cake",8,"IN"
"99","Yan","Tsou",8,46,"Laboratory research scientist","North London",5,"Mango Fruit Hat Steamed School Pudding","'Heart of a Hero' Trifle Terrine",6,"IN"
"100","Yan","Tsou",8,46,"Laboratory research scientist","North London",6,"'πr2' Decorative Pies","Chequerboard Pie",1,"IN"
"101","Yan","Tsou",8,46,"Laboratory research scientist","North London",7,"Cannoli Cocktails","Canadian-Style Sfogliatelle",5,"OUT"
"102","Claire","Goodwin",5,31,"Speech Therapist","Ashton upon Mersey, Trafford",1,"Chocolatey Orangey Swirly Roll","Mini Chocolate and Cherry Cakes",8,"OUT"
"103","Dan","Beasley-Harling",9,36,"Full-time parent","London",NA,NA,NA,NA,NA
"104","Dan","Chambers",10,32,"Support worker","Rotherham",NA,NA,NA,NA,NA
"105","Danny","Bryden",3,45,"Intensive care consultant","Sheffield",1,"Plum, Ginger & Orange","UNKNOWN",7,"IN"
"106","Danny","Bryden",3,45,"Intensive care consultant","Sheffield",2,"Lime Coriander and Coconut TortillasZaatar Naan with Dukkah","UNKNOWN",3,"IN"
"107","Danny","Bryden",3,45,"Intensive care consultant","Sheffield",3,"Savoury Pear and Roquefort Tarte Tatin","Pineapple, Coconut and Frangipane Tart",2,"IN"
"108","Danny","Bryden",3,45,"Intensive care consultant","Sheffield",4,"Blackberry, White Chocolate, Lemon and Elderflower Torte","'Monte Bianco' Chestnut, Chocolate and Coffee Dacquoise",2,"IN"
"109","Danny","Bryden",3,45,"Intensive care consultant","Sheffield",5,"Chickpea, Spinach & Mushroom Wellington","Trick or Treat Pumpkin Pie",7,"IN"
"110","Danny","Bryden",3,45,"Intensive care consultant","Sheffield",6,"Banoffee Puddings with Walnut Butterscotch SauceJubilee Chocolate Fondants","Leek, Potato, Pistachio and Gruyère Strudel",2,"IN"
"111","Danny","Bryden",3,45,"Intensive care consultant","Sheffield",7,"Bakewell Chelsea Buns","European Christmas Wreath",2,"STAR BAKER"
"112","Danny","Bryden",3,45,"Intensive care consultant","Sheffield",8,"Spiced Almond Drinks Crackers","Gingerbread Big Ben",4,"IN"
"113","Danny","Bryden",3,45,"Intensive care consultant","Sheffield",9,"Blackberry and Peppermint MacaroonsMiniature Raspberry and Basil FinanciersOrange and White Chocolate Langues de Chat","Rosewater and Lychee St. Honoré",4,"OUT"
"114","David","Atherton",10,36,"International health adviser","Whitby",NA,NA,NA,NA,NA
"115","David","Chambers",1,31,"Entrepreneur","Milton Keynes",1,"Chocolate Orange Cake","Black Forest Floor Gateauxwith Moulded Chocolate Leaves, Fallen Fruitand Chocolate Mushrooms Moulded from eggs",3,"IN"
"116","David","Chambers",1,31,"Entrepreneur","Milton Keynes",2,"Cheddar Cheese and Fresh Rosemary Biscuits","Choux Pastry Swans  Chocolate Profiteroles",8,"IN"
"117","David","Chambers",1,31,"Entrepreneur","Milton Keynes",3,"Chilli Bread","Walnut and Seed Roll
Red Berry and Almond Bun",4,"IN"
"118","David","Chambers",1,31,"Entrepreneur","Milton Keynes",4,"Pear and Walnut Pudding","Apple and Blackberry Crumble, Rhubarb and Orange Betty, Suet Pear",5,"OUT"
"119","Deborah","Manger",4,51,"Dentist","Peterborough",1,"Pineapple Cake","'Coffee Time'",9,"IN"
"120","Deborah","Manger",4,51,"Dentist","Peterborough",2,"Fennel & Chilli Breadsticks","Walnut Fleur Loaf",8,"IN"
"121","Deborah","Manger",4,51,"Dentist","Peterborough",3,"Tropical Trifle*","Canelé Cherry and Chocolate CakesRose Cookies",9,"OUT"
"122","Diana","Beard",5,69,"Women's Institute (WI) Judge","Alkington, Shropshire",1,"Mum's Sunday Tea Lemon Curd Swiss Roll","Chocolate Ganache Surprises",5,"IN"
"123","Diana","Beard",5,69,"Women's Institute (WI) Judge","Alkington, Shropshire",2,"Parmesan Triangles","Express, First Class",7,"IN"
"124","Diana","Beard",5,69,"Women's Institute (WI) Judge","Alkington, Shropshire",3,"Rustic Picnic Rolls","Sharing Savoury Pinwheel",7,"IN"
"125","Diana","Beard",5,69,"Women's Institute (WI) Judge","Alkington, Shropshire",4,"Orange and Lemon Curd Pots","Raspberry Ripple Alaska Swan",9,"IN"
"126","Dorret","Conway",6,53,"Accountant","Penwortham, Lancashire",1,"Madeira Cake with Candied Lemons","Enchanted Forest Gâteau",5,"IN"
"127","Dorret","Conway",6,53,"Accountant","Penwortham, Lancashire",2,"Almond and Apricot Biscotti with Amber Sugar Crystals","Box of Frogs",1,"IN"
"128","Dorret","Conway",6,53,"Accountant","Penwortham, Lancashire",3,"Walnut and Stilton Soda Breads","Unmade Bread",6,"OUT"
"129","Edd","Kimber",1,24,"Debt collector for Yorkshire Bank","Bradford",1,"Caramel Cinnamon and Banana Cake","N/A",1,"IN"
"130","Edd","Kimber",1,24,"Debt collector for Yorkshire Bank","Bradford",2,"Oatmeal Raisin Cookie","Pink Macarons",6,"IN"
"131","Edd","Kimber",1,24,"Debt collector for Yorkshire Bank","Bradford",3,"Olive Bread","Tomato and Mozzarella",1,"IN"
"132","Edd","Kimber",1,24,"Debt collector for Yorkshire Bank","Bradford",4,"Apple and Plum Pudding","Apple and Cinnamon Crumble, Nutella Banana Brioche Bread Pudding, Rhubarb and Strawberry Suet Layer",3,"IN"
"133","Edd","Kimber",1,24,"Debt collector for Yorkshire Bank","Bradford",5,"Chicken, Ham, Leek and Tarragon Pie","Almond Sweet Pastry with Ginger and Chocolate  Raspberry Tart / Yorkshire Curd Tart  Chickpea and Salami, Red and Yellow Pepper, Asparagus Gruyere Quiche Canapés",2,"IN"
"134","Edd","Kimber",1,24,"Debt collector for Yorkshire Bank","Bradford",6,"Cinnamon and Banana Cake",NA,NA,"WINNER"
"135","Enwezor","Nzegwu",5,39,"Business Consultant","Portsmouth, Hampshire",1,"Raspberry and Lemon Swiss Roll","Coffee and Walnut Battenberg Squares",9,"IN"
"136","Enwezor","Nzegwu",5,39,"Business Consultant","Portsmouth, Hampshire",2,"Pumpkin and Sunflower Savoury Biscuits","Space Adventure Moon Scene",9,"OUT"
"137","Flo","Atkins",8,71,"Retired","Merseyside",1,"Citrus Layer Cake","'One in a Melon' Cake",9,"IN"
"138","Flo","Atkins",8,71,"Retired","Merseyside",2,"Gin Jam Butties","'Pick My Bones' Game",10,"IN"
"139","Flo","Atkins",8,71,"Retired","Merseyside",3,"Cinnamon and Orange Teacakes","'Davy Jones' Locker' Bread Sculpture",7,"OUT"
"140","Flora","Shedden",6,19,"Art gallery assistant","Dunkeld, Perth and Kinross",1,"Blood Orange Madeira Cake","Black Forest Gâteau",6,"IN"
"141","Flora","Shedden",6,19,"Art gallery assistant","Dunkeld, Perth and Kinross",2,"Wedding Biscotti","Honey and Earl Grey Tea Box",2,"IN"
"142","Flora","Shedden",6,19,"Art gallery assistant","Dunkeld, Perth and Kinross",3,"Fig and Hazelnut Rye Breads","Herb Couture",2,"IN"
"143","Flora","Shedden",6,19,"Art gallery assistant","Dunkeld, Perth and Kinross",4,"Rhubarb and Ginger Crème Brûlées","Elderflower and Granola Cheesecakes",3,"IN"
"144","Flora","Shedden",6,19,"Art gallery assistant","Dunkeld, Perth and Kinross",5,"Pistachio, Apple and Cardamom Madeleine Cake","Chocolate and Pear Bûche",3,"IN"
"145","Flora","Shedden",6,19,"Art gallery assistant","Dunkeld, Perth and Kinross",6,"Apricot and Rosemary Frangipane Tart","Asparagus and Parma Ham and Praline and Chocolate Vol-au-vents",2,"IN"
"146","Flora","Shedden",6,19,"Art gallery assistant","Dunkeld, Perth and Kinross",7,"Game Pie with Shallot and Apple Chutney","Raspberry, Pomegranate and Champagne Charlotte Russe",4,"IN"
"147","Flora","Shedden",6,19,"Art gallery assistant","Dunkeld, Perth and Kinross",8,"Peach & Lemon Thyme and Smoked Almond & Butterscotch Cream Horns","Lime & Basil and Coconut & White Chocolate Religieuse à l'ancienne",3,"IN"
"148","Flora","Shedden",6,19,"Art gallery assistant","Dunkeld, Perth and Kinross",9,"Passion Fruit and Chocolate Tart","Cocoa Carousel",1,"OUT"
"149","Frances","Quinn",4,31,"Children's Clothes Designer","Market Harborough, Leicestershire",1,"Giant Jam Sandwich","Secret Squirrel Cake",7,"IN"
"150","Frances","Quinn",4,31,"Children's Clothes Designer","Market Harborough, Leicestershire",2,"Giant Matchsticks","Sailor's Knot",2,"IN"
"151","Frances","Quinn",4,31,"Children's Clothes Designer","Market Harborough, Leicestershire",3,"Apple and Blackberry Crumble Trifle","'Ballet Bites' Ginger NutcrackersSugar Plum Fairy Cakes",8,"IN"
"152","Frances","Quinn",4,31,"Children's Clothes Designer","Market Harborough, Leicestershire",4,"Peach Pie In the Sky","Cherry Tree Baklava Filo Pie",1,"IN"
"153","Frances","Quinn",4,31,"Children's Clothes Designer","Market Harborough, Leicestershire",5,"Millionaire Banoffee Bonus","Biscuit Buttons and Beads",3,"IN"
"154","Frances","Quinn",4,31,"Children's Clothes Designer","Market Harborough, Leicestershire",6,"Chai Tea Loaf","Hot Cross BriochesRhubarb and Custard Kolaches",2,"IN"
"155","Frances","Quinn",4,31,"Children's Clothes Designer","Market Harborough, Leicestershire",7,"Figgy Roll-y Poly Puddingwith Caramelised Walnut and Honey Ice-Cream","French Framboise Cream HornsSheet Music Mille-feuilleBass Clef Palmiers",5,"STAR BAKER"
"156","Frances","Quinn",4,31,"Children's Clothes Designer","Market Harborough, Leicestershire",8,"'Chelsea Flour Show' Bun Bouquet","Hidden Carrot Cake (Ground Praline, Beetroot and Walnut)",3,"IN"
"157","Frances","Quinn",4,31,"Children's Clothes Designer","Market Harborough, Leicestershire",9,"Legume Canapés:
Chantenay CarrotsChoux Pastry TomatoesCauliflower Cheese Scones","Great British Soap Opera Cake",2,"IN"
"158","Frances","Quinn",4,31,"Children's Clothes Designer","Market Harborough, Leicestershire",10,"Rainbow Picnic Pie","Midsummer Night's Dream Wedding Cake",3,"WINNER"
"159","Glenn","Cosby",4,37,"English Teacher","Teignmouth, Devon",1,"Strawberries and Cream Cake","Almond and Espresso Chocolate Cake",4,"IN"
"160","Glenn","Cosby",4,37,"English Teacher","Teignmouth, Devon",2,"Rosemary and Parmesan Grissini","Harvest Crown",7,"IN"
"161","Glenn","Cosby",4,37,"English Teacher","Teignmouth, Devon",3,"Raspberry and Almond Trifle","Billionaire BouchéesOrange Financiers",1,"IN"
"162","Glenn","Cosby",4,37,"English Teacher","Teignmouth, Devon",4,"Apple & Maple Syrup Pie","Spanakopita (Walnut and Feta Cheese)",9,"IN"
"163","Glenn","Cosby",4,37,"English Teacher","Teignmouth, Devon",5,"Apricot and Pistachio Tiffin","Shortbread and Macaron Helter-Skelter",2,"IN"
"164","Glenn","Cosby",4,37,"English Teacher","Teignmouth, Devon",6,"Devonshire Panettone","Almond and Apricot BriochesSticky Caramel Kanelbullen",5,"IN"
"165","Glenn","Cosby",4,37,"English Teacher","Teignmouth, Devon",7,"Prune and Armagnac Puddingwith Boozy Butterscotch Sauce","Caramelised Apple and Marzipan TartletsChocolate Elephant EarsPassion Fruit Mille-feuille",3,"OUT"
"166","Helena","Garcia",10,40,"Online project manager","Leeds",NA,NA,NA,NA,NA
"167","Henry","Bird",10,20,"Student","Durham",NA,NA,NA,NA,NA
"168","Holly","Bell",2,31,"Advertising executive","Leicester",1,"Cherry Bakewell Inspired CupcakesGinger Cupcakes with Fig Truffle","UNKNOWN",1,"STAR BAKER"
"169","Holly","Bell",2,31,"Advertising executive","Leicester",2,"Pesto Quiche","Milk Chocolate and Pistachio TartsTrifle Tarts",4,"IN"
"170","Holly","Bell",2,31,"Advertising executive","Leicester",3,"Picnic Loaf","Stilton and Walnut Rolls",6,"IN"
"171","Holly","Bell",2,31,"Advertising executive","Leicester",4,"Strawberry and Custard Melts","'Chocolate bars of my youth'
(Caramel Macarons, Mint Chocolate Macarons and Chocolate Orange Macarons)",3,"STAR BAKER"
"172","Holly","Bell",2,31,"Advertising executive","Leicester",5,"Stilton, Potato and Caramelised Onion Pie","Lime Meringue Pie",4,"IN"
"173","Holly","Bell",2,31,"Advertising executive","Leicester",6,"Father Christmas' Baked Cheesecake","Hansel and Gretel's Croquembouche",3,"IN"
"174","Holly","Bell",2,31,"Advertising executive","Leicester",7,"White Chocolate, Hazelnut and Raspberry Genoise Mousse Cake","Apricot, Macadamia and White Chocolate PinwheelsAlmond CroissantsApple, Raisin and Cinnamon Plaits",1,"IN"
"175","Holly","Bell",2,31,"Advertising executive","Leicester",8,"Banoffee Inspired Mille Feuille","Strawberry and Cream Meringue NestGooseberry and Elderflower 'Bakewell' TartsNeapolitan Ice-Cream Sandwich",2,"Runner-up"
"176","Howard","Middleton",4,51,"Council Worker","Sheffield",1,"Passion Fruit and Coconut Cake","Black Forest Revisited",6,"IN"
"177","Howard","Middleton",4,51,"Council Worker","Sheffield",2,"Moroccan Breadsticks","Picasso Sun Bread",10,"IN"
"178","Howard","Middleton",4,51,"Council Worker","Sheffield",3,"Caramel and Apple Trifle*","Black Coffee and Cardamom CakesWhite Stilton and Pear Biscuits",7,"IN"
"179","Howard","Middleton",4,51,"Council Worker","Sheffield",4,"Apple Pie with Sage Pastry","Fresh Fig and Feta Filo Flan",5,"IN"
"180","Howard","Middleton",4,51,"Council Worker","Sheffield",5,"Breakfast Traybake","Japanese Pagoda Tea Tower",8,"IN"
"181","Howard","Middleton",4,51,"Council Worker","Sheffield",6,"Date & Hemp Yorkshire Loaf","Peachy BunsGerman Baumschnecken",7,"OUT"
"182","Iain","Watters",5,31,"Construction Engineer","London/Belfast",1,"Apricot and Basil Swiss Roll with Mascarpone and White Chocolate Cream","Lemon Drizzle Cakes with Mascarpone Filling, Drizzled Icing, and Candied Lemon",4,"IN"
"183","Iain","Watters",5,31,"Construction Engineer","London/Belfast",2,"Za'atar and Fig Biscuits","Wild West Scene",11,"IN"
"184","Iain","Watters",5,31,"Construction Engineer","London/Belfast",3,"Cranberry and Walnut Rye Bread Rolls","Moroccan Plaited with a Bessara Dip",9,"IN"
"185","Iain","Watters",5,31,"Construction Engineer","London/Belfast",4,"Chocolate, Lime and Raspberry Fondants","Chocolate, Black Sesame Seed and Coffee Caramel Baked Alaska (not presented)",6,"OUT"
"186","Ian","Cumming",6,41,"Travel photographer","Great Wilbraham, Cambridgeshire",1,"Somewhere West of Madeira Cake","Black Forest Cherry Tree",8,"IN"
"187","Ian","Cumming",6,41,"Travel photographer","Great Wilbraham, Cambridgeshire",2,"Orange, Rosemary and Almond Biscotti","Sandwich de la Confiture",3,"STAR BAKER"
"188","Ian","Cumming",6,41,"Travel photographer","Great Wilbraham, Cambridgeshire",3,"Wild Garlic Pesto Soda Breads","Flour Power",1,"STAR BAKER"
"189","Ian","Cumming",6,41,"Travel photographer","Great Wilbraham, Cambridgeshire",4,"Pomegranate Two Ways Crème Brûlées","Trio of Spicy and Herby Baked Cheesecakes",4,"STAR BAKER"
"190","Ian","Cumming",6,41,"Travel photographer","Great Wilbraham, Cambridgeshire",5,"Honey and Flowers Cake","Dessert Island",5,"IN"
"191","Ian","Cumming",6,41,"Travel photographer","Great Wilbraham, Cambridgeshire",6,"Pear and Raspberry Frangipane Tart","vol-au-vents Terre et Mer",3,"IN"
"192","Ian","Cumming",6,41,"Travel photographer","Great Wilbraham, Cambridgeshire",7,"Roadkill Pie","Victoria's Crown Charlotte Russe",5,"IN"
"193","Ian","Cumming",6,41,"Travel photographer","Great Wilbraham, Cambridgeshire",8,"Mont Blanc & Black Forest Gâteau Horns","Nun with Hidden Passions",2,"IN"
"194","Ian","Cumming",6,41,"Travel photographer","Great Wilbraham, Cambridgeshire",9,"Chocolate and Bay Tart","Chocolate Well",3,"IN"
"195","Ian","Cumming",6,41,"Travel photographer","Great Wilbraham, Cambridgeshire",10,"Elderflower and Lemon & Spiced Buns","Colossal Curvy Carrot Cake",2,"Runner-up"
"196","Ian","Vallance",2,40,"Fundraiser for English Heritage","Dunstable, Bedfordshire",1,"Apple and Cinnamon Cupcakes","UNKNOWN",10,"IN"
"197","Ian","Vallance",2,40,"Fundraiser for English Heritage","Dunstable, Bedfordshire",2,"Stilton, Spinach and New Potato Quichewith Paprika and Walnut Pastry","UNKNOWN",2,"IN"
"198","Ian","Vallance",2,40,"Fundraiser for English Heritage","Dunstable, Bedfordshire",3,"Courgette, Caerphilly Cheese and Thyme Loaf","Walnut and Raisin RollsCracked Wheat Logs",10,"OUT"
"199","Imelda","McCarron",9,33,"Countryside recreation officer","County Tyrone",NA,NA,NA,NA,NA
"200","James","Hillery",8,46,"Banker","Brentwood, Essex",1,"Orange, Rhubarb & Ginger Crumble Cake","'Mock-accino and Croissant' Cake",2,"IN"
"201","James","Hillery",8,46,"Banker","Brentwood, Essex",2,"Rhubarb and Custard Whirls","'Coppit' Game",3,"IN"
"202","James","Hillery",8,46,"Banker","Brentwood, Essex",3,"Nordic Teacakes","'Owl in the Woods' Bread Sculpture",9,"IN"
"203","James","Hillery",8,46,"Banker","Brentwood, Essex",4,"'Windy City' Millionaire Shortbreads","Nutty Caramel Cake",2,"IN"
"204","James","Hillery",8,46,"Banker","Brentwood, Essex",5,"Orange and Ginger Steamed School Pudding","'The Missed Silver Jubilee' Trifle Terrine",7,"OUT"
"205","James","Morton",3,21,"Medical student","Hillswick, Shetland Islands",1,"Parsnip, Pear, and Pecan","""Simmer Dim"" Sunset Cake",2,"IN"
"206","James","Morton",3,21,"Medical student","Hillswick, Shetland Islands",2,"Tomato, Garlic, and Parmesan FlatbreadsTattie Scones","Orange, Mint and Chocolate Bagels
'Millers' Sourdough Bagels",2,"IN"
"207","James","Morton",3,21,"Medical student","Hillswick, Shetland Islands",3,"Apple and Lavender Tarte Tatin","Rose, Lychee and Raspberry Fruit Tart",1,"STAR BAKER"
"208","James","Morton",3,21,"Medical student","Hillswick, Shetland Islands",4,"Hazelnut, Chocolate and Passionfruit Torte","Fig, Chestnut, Cherry and Chocolate Layered Meringue",5,"IN"
"209","James","Morton",3,21,"Medical student","Hillswick, Shetland Islands",5,"Four Pig Wellington","Sweet Potato Pie",6,"IN"
"210","James","Morton",3,21,"Medical student","Hillswick, Shetland Islands",6,"Banana and Clove PuddingsClootie Dumplings","Strawberry, Rhubarb and Ginger Strudel",7,"IN"
"211","James","Morton",3,21,"Medical student","Hillswick, Shetland Islands",7,"Easter Chelsea Buns","Whisky Kugelhopf-Brioche Baba",1,"IN"
"212","James","Morton",3,21,"Medical student","Hillswick, Shetland Islands",8,"Smoky Cayenne, Cumin and Chilli Crackers","Gingerbread Barn",1,"STAR BAKER"
"213","James","Morton",3,21,"Medical student","Hillswick, Shetland Islands",9,"Lemon and Rhubarb TartletsChocolate Indulgence Petits FoursChilli, Lime and Raspberry Macaroons","Coffee, Caramel and Hazelnut Paris-Brest",1,"STAR BAKER"
"214","James","Morton",3,21,"Medical student","Hillswick, Shetland Islands",10,"Spanish Pithivier with Chorizo and Red Pepper","United Chiffon Cakes",1,"Runner-up"
"215","Jamie","Finn",10,20,"Part-time waiter","Surrey",NA,NA,NA,NA,NA
"216","Jane","Beedle",7,61,"Garden designer","Beckenham",1,"Lemon and Poppy Seed Drizzle Cake","Chocolate Orange Mirror Cake",7,"STAR BAKER"
"217","Jane","Beedle",7,61,"Garden designer","Beckenham",2,"Flower Pot Iced Biscuits","Hastings Old Town Fishing Net Shops and Boat",2,"IN"
"218","Jane","Beedle",7,61,"Garden designer","Beckenham",3,"Chocolate and Cranberry Couronne","Chorizo and Chilli Flower with Parmesan and Pesto Centre",9,"IN"
"219","Jane","Beedle",7,61,"Garden designer","Beckenham",4,"Meat and Two Veg Yorkshires","Pistachio and White Chocolate Churros",3,"IN"
"220","Jane","Beedle",7,61,"Garden designer","Beckenham",5,"Orange Pain au Raisins, Raspberry, Chocolate and Almond Danish","Roquefort, Fig and Walnut Parcels and Cherry and Chocolate Cones",1,"IN"
"221","Jane","Beedle",7,61,"Garden designer","Beckenham",6,"Lime and Coconut Meringue Pie","Three Tier Orange Cake with a Floral Chocolate Collar",4,"IN"
"222","Jane","Beedle",7,61,"Garden designer","Beckenham",7,"Chocolate and Hazelnut Roulade","Chocolate, Coffee, and Vanilla Joconde Cakes and Blackcurrant and Vanilla Ombre Mousses",4,"IN"
"223","Jane","Beedle",7,61,"Garden designer","Beckenham",8,"Tudor Rose Pies","Swans",5,"IN"
"224","Jane","Beedle",7,61,"Garden designer","Beckenham",9,"Pesto and Sundried Tomato Palmiers and Goats Cheese, Olive and Parma Ham Palmiers","Pistachio and Raspberry Fondant Fancies and Lemon Curd Surprise Fondant Fancies",1,"IN"
"225","Jane","Beedle",7,61,"Garden designer","Beckenham",10,"Red, White and Blue Meringue Crown","Family Favourites Feast",3,"Runner-up"
"226","Janet","Basu",2,63,"Teacher of Modern Languages","Formby, Liverpool",1,"Raspberry and Cream Cupcakes","Chocolate Marble Cakewith Dark and White Chocolate Truffles",8,"IN"
"227","Janet","Basu",2,63,"Teacher of Modern Languages","Formby, Liverpool",2,"Quiche Printanière","Red Fruit TartsChocolate and Cherry Tarts",8,"IN"
"228","Janet","Basu",2,63,"Teacher of Modern Languages","Formby, Liverpool",3,"Zupfe Loaf with Gruyère Cheese","Apple and Walnut Granary Rolls Red Onion Cottage Rolls",8,"IN"
"229","Janet","Basu",2,63,"Teacher of Modern Languages","Formby, Liverpool",4,"Christmas Marzipan Biscuits","Raspberry Macarons
Blackcurrant Macarons
Almond Macarons",4,"IN"
"230","Janet","Basu",2,63,"Teacher of Modern Languages","Formby, Liverpool",5,"Chicken and Chestnut Pie","Rhubarb Meringue Pie",1,"STAR BAKER"
"231","Janet","Basu",2,63,"Teacher of Modern Languages","Formby, Liverpool",6,"Rhubarb and Ginger Baked Cheesecake","Orange and Nougatine Croquembouche",5,"IN"
"232","Janet","Basu",2,63,"Teacher of Modern Languages","Formby, Liverpool",7,"Chocolate Amaretto Mousse Cake","Pain Aux RaisinPlain CroissantPain Au Chocolat",4,"OUT"
"233","Jasminder","Randhawa",1,45,"Assistant Credit Control Manager","Birmingham",1,"Fresh Mango and Passion Fruit Hummingbird Cake","N/A",NA,"IN"
"234","Jasminder","Randhawa",1,45,"Assistant Credit Control Manager","Birmingham",2,"Millionaires' Shortbread","Meringues with Chocolate and Space DustCoffee flavoured Eclairs",2,"IN"
"235","Jasminder","Randhawa",1,45,"Assistant Credit Control Manager","Birmingham",3,"Focaccia","Mango and Sultana Buns
Pan au Chocolat with Mars Bars
Tutti Frutti Wheel with Jelly Tots",5,"IN"
"236","Jasminder","Randhawa",1,45,"Assistant Credit Control Manager","Birmingham",4,"Sticky Toffee Pudding with Tropical Fruit & Toffee Sauce","Bread & Butter Pudding, Treacle Suet Pudding with Fresh Fruit, Apple and Pineapple Crumble",2,"IN"
"237","Jasminder","Randhawa",1,45,"Assistant Credit Control Manager","Birmingham",5,"Chicken and Mushroom Pie","Jaggery, Carrot, and Spiced Condensed Milk Tart  Fruit and Custard Tart  Thai Chili Red Onion, Duck in Plum Sauce, Salmon and Prawn Canapés",4,"OUT"
"238","Jason","White",2,19,"Civil Engineering Student","Croydon",1,"Lemon Meringue CupcakesApple and Cinnamon Cupcakes","UNKNOWN",6,"IN"
"239","Jason","White",2,19,"Civil Engineering Student","Croydon",2,"Salmon and Pak Choi Quiche","Mint Chocolate Tarts Blueberry Bakewell Tarts",3,"STAR BAKER"
"240","Jason","White",2,19,"Civil Engineering Student","Croydon",3,"Cheese and Onion Tear and Share Loaf","UNKNOWN",7,"IN"
"241","Jason","White",2,19,"Civil Engineering Student","Croydon",4,"Lebkuchen","Mocktail Macarons
(Mojito, Cranberry Cooler, and Pina Colada)",1,"STAR BAKER"
"242","Jason","White",2,19,"Civil Engineering Student","Croydon",5,"Brown Down Chicken Pie","Plum Meringue Pie",7,"OUT"
"243","Jo","Wheatley",2,41,"Housewife","Ongar, Essex",1,"Chocolate Orange CupcakesOrange and Cardamom Cupcakes","Chocolate and Strawberry Cake",11,"IN"
"244","Jo","Wheatley",2,41,"Housewife","Ongar, Essex",2,"Caramelised Onion, Gruyere and Thyme Quiche","Raspberry and Mascarpone Tarts with Lemon and Almond PastryHoney and Almond Tarts with Sweetcrust",10,"IN"
"245","Jo","Wheatley",2,41,"Housewife","Ongar, Essex",3,"Stromboli flavored with Mozzarella, Ham, and Picante Pepper","Unknown",1,"IN"
"246","Jo","Wheatley",2,41,"Housewife","Ongar, Essex",4,"Lavender Biscuits","Blueberry MacaronsCoconut MacaronsStrawberry Macarons",8,"IN"
"247","Jo","Wheatley",2,41,"Housewife","Ongar, Essex",5,"Salmon and Asparagus Pie","Apple and Raspberry Meringue Pie",6,"IN"
"248","Jo","Wheatley",2,41,"Housewife","Ongar, Essex",6,"Rum and Raisin Baked Cheesecake","Limoncello and White Chocolate Croquembouche",1,"STAR BAKER"
"249","Jo","Wheatley",2,41,"Housewife","Ongar, Essex",7,"Raspberry & Strawberry Mousse Cake","Pain Aux RaisinChocolate TwistsBanana and Raisin Pastries",3,"IN"
"250","Jo","Wheatley",2,41,"Housewife","Ongar, Essex",8,"Raspberry and Blueberry Mille Feuille","Mini Victoria SandwichesRaspberry, White Chocolate and Pistachio Mini MeringuesMini Banoffee Pie with Banana Mousse",1,"WINNER"
"251","John","Whaite",3,22,"Law student","Wigan",1,"Toffee Apple, Orange & Cranberry","Hidden Pink Hearts Cake",11,"IN"
"252","John","Whaite",3,22,"Law student","Wigan",2,"Coriander and Chilli RotisGarlic, Pomegranate and Potato Pitas","Fig, Walnut and Gruyere Bagels
Blueberry and White Chocolate Bagels",1,"STAR BAKER"
"253","John","Whaite",3,22,"Law student","Wigan",3,"Apple and Vanilla Tarte Tatin with Walnut Praline","Berries, Grapes, Pomegranate, and Dragon Fruit Tart",6,"IN"
"254","John","Whaite",3,22,"Law student","Wigan",4,"'Torte Noir' Black Forest Torte with Boozy Cream","Elderflower and Bramble Berry Pavlova",6,"IN"
"255","John","Whaite",3,22,"Law student","Wigan",5,"Venison and Haggis Wellington","Star-Spangled Pecan Pie",2,"IN"
"256","John","Whaite",3,22,"Law student","Wigan",6,"Spicy Toffee PuddingsRaspberry and White Chocolate Puddings","Did not complete due to injury",5,"IN"
"257","John","Whaite",3,22,"Law student","Wigan",7,"Cherry and Almond Saffron Buns","Marzipan Stollen",3,"IN"
"258","John","Whaite",3,22,"Law student","Wigan",8,"Asian Spice Crackers","Gingerbread Roman Coliseum",3,"IN"
"259","John","Whaite",3,22,"Law student","Wigan",9,"Lemon MadeleinesWhite Chocolate and Raspberry TartletsDark Chocolate and Cherry Macaroons","Gateau St. Honoré a la Passion",2,"IN"
"260","John","Whaite",3,22,"Law student","Wigan",10,"Italian Sausage and Roasted Vegetable Pithivier","Heaven and Hell Chiffon Cake",2,"WINNER"
"261","Jon","Jenkins",9,47,"Blood courier","Newport",NA,NA,NA,NA,NA
"262","Jonathan","Shepherd",1,25,"Research Analyst","St Albans",1,"Carrot Cake with Lime and Cream Cheese Icing","Three Tiered White and Dark Chocolate with Almond and Cherry",9,"IN"
"263","Jonathan","Shepherd",1,25,"Research Analyst","St Albans",2,"Honey and Candied Ginger Cookies","Meringues with Whiskey Cream",1,"IN"
"264","Jonathan","Shepherd",1,25,"Research Analyst","St Albans",3,"Anchovy, Sweet Paprika and Oregano Bread","Sticky Lemon Honey Bun
Olive and Anchovy Roll
Sundried Tomatoes and Fresh Herbs Roll
Stilton, Walnut and Apple Roll
Cinnamon and Cardamom Chelsea Bun",6,"OUT"
"265","Jordan","Cox",5,32,"IT Manager","Sneinton, Nottingham",1,"Kawaii Frasier Swiss Roll","Lemon Drizzle Cakes with Blueberry and Lemon Curd",12,"IN"
"266","Jordan","Cox",5,32,"IT Manager","Sneinton, Nottingham",2,"Sourdough, Parmesan and Chilli Biscuits","Monster Attack",6,"IN"
"267","Jordan","Cox",5,32,"IT Manager","Sneinton, Nottingham",3,"Rye and Spelt Bread Rolls","Strawberry Raspberry Cheesecake Brioche",10,"OUT"
"268","Julia","Chernogorova",8,21,"Aviation Broker","Crawley, West Sussex",1,"Courgette and Lemon Cake","'Russian Doll' Cake",3,"IN"
"269","Julia","Chernogorova",8,21,"Aviation Broker","Crawley, West Sussex",2,"Middle Eastern Delight Sandwich Biscuits","'A British Baking' Game",4,"IN"
"270","Julia","Chernogorova",8,21,"Aviation Broker","Crawley, West Sussex",3,"Earl Grey Dried Fruit Teacakes","'The Snail Under a Mushroom' Bread Sculpture",2,"STAR BAKER"
"271","Julia","Chernogorova",8,21,"Aviation Broker","Crawley, West Sussex",4,"Pecan Salted Caramel Millionaire Shortbreads","Poppy Seed Caramel Cake",9,"IN"
"272","Julia","Chernogorova",8,21,"Aviation Broker","Crawley, West Sussex",5,"Orange & Treacle Steamed School Pudding","'Opulent Ornament' Trifle Terrine",3,"IN"
"273","Julia","Chernogorova",8,21,"Aviation Broker","Crawley, West Sussex",6,"'Pies from the Tree' Decorative Pies","'Special Occasion' Pie",7,"OUT"
"274","Karen","Wright",9,60,"In-store sampling assistant","Wakefield",NA,NA,NA,NA,NA
"275","Kate","Barmby",7,37,"Nurse","Brooke, Norfolk",1,"Berry Best Apple and Bramble Drizzle Cake","One Swallow Does Not Make A Summer Cake",4,"IN"
"276","Kate","Barmby",7,37,"Nurse","Brooke, Norfolk",2,"""A Biscuit for the Broads""","""I Promise I will do my best""",1,"IN"
"277","Kate","Barmby",7,37,"Nurse","Brooke, Norfolk",3,"Cobbled Loaf","The Corn Maiden",8,"IN"
"278","Kate","Barmby",7,37,"Nurse","Brooke, Norfolk",4,"Christmas Dinner Compromise","Hot Cross Bunny Churros",7,"OUT"
"279","Kate","Henry",5,41,"Furniture Restorer","Brighton, East Sussex",1,"Red Velvet and White Chocolate Swiss Roll","Mini Tiered Victoria Sponges",6,"IN"
"280","Kate","Henry",5,41,"Furniture Restorer","Brighton, East Sussex",2,"Parmesan and Apple Biscuits","Tea Time",4,"IN"
"281","Kate","Henry",5,41,"Furniture Restorer","Brighton, East Sussex",3,"Orange and Cardamom Rye Bread Knots","Prosciutto, Olive and Coriander Bread",1,"IN"
"282","Kate","Henry",5,41,"Furniture Restorer","Brighton, East Sussex",4,"Chocolate and Salted Caramel Molten Puddings","Pistachio, Raspberry and Chocolate Baked Alaska",7,"IN"
"283","Kate","Henry",5,41,"Furniture Restorer","Brighton, East Sussex",5,"Rhubarb and Custard Tart","Rhubarb, Prune and Apple Pies",3,"STAR BAKER"
"284","Kate","Henry",5,41,"Furniture Restorer","Brighton, East Sussex",6,"Pecan, Chocolate and Sour Cherry Yeast Cake","Trio of Dobos Tortes",6,"IN"
"285","Kate","Henry",5,41,"Furniture Restorer","Brighton, East Sussex",7,"Spinach and Paneer Spicy Samosa","Neapolitan & Lemon Meringue Éclairs",4,"OUT"
"286","Kate","Lyon",8,29,"Health and safety inspector","Merseyside",1,"Moroccan Strawberry and Rose Cake","'Chocolate Terrarium' Cake",1,"IN"
"287","Kate","Lyon",8,29,"Health and safety inspector","Merseyside",2,"Coconut Seashells for a Titanic Afternoon Tea","'Jungle' Game",8,"IN"
"288","Kate","Lyon",8,29,"Health and safety inspector","Merseyside",3,"Blueberry Buns","'Kraken' Bread Sculpture",10,"IN"
"289","Kate","Lyon",8,29,"Health and safety inspector","Merseyside",4,"Salted Bay Caramel Millionaire Shortbreads","Sticky Toffee Apple Caramel Cake",6,"STAR BAKER"
"290","Kate","Lyon",8,29,"Health and safety inspector","Merseyside",5,"'Mr Darcy's Steamy Lake Scene' Steamed School Pudding","'My Great Great Nan's' Raspberry Trifle Terrine",8,"IN"
"291","Kate","Lyon",8,29,"Health and safety inspector","Merseyside",6,"'Vegetarian Pie Faces' Decorative Pies","Potato Curry Pie with Mango & Chilli Glaze",5,"IN"
"292","Kate","Lyon",8,29,"Health and safety inspector","Merseyside",7,"'Happy Hour' Cocktail Cannoli","'Flavour Fusion' Sfogliatelle",6,"IN"
"293","Kate","Lyon",8,29,"Health and safety inspector","Merseyside",8,"Burrito Bedfordshire Clangers","'Liver Building Turret' Savoy Cake",2,"IN"
"294","Kate","Lyon",8,29,"Health and safety inspector","Merseyside",9,"Bellini and Valencian Orange Choux Buns","'Rainbow' Meringue Centrepiece",4,"IN"
"295","Kate","Lyon",8,29,"Health and safety inspector","Merseyside",10,"Roman Spelt, Coconut Kala Chana and Flower Breads","White Chocolate, Yuzu and Lychee Entremet",3,"Runner-up"
"296","Keith","Batsford",2,31,"House husband","Arlesey, Bedfordshire",1,"Earl Grey Cupcakes","Chocolate and Sour Cream Cake",12,"OUT"
"297","Kim-Joy","Hewlett",9,27,"Mental health specialist","Leeds",NA,NA,NA,NA,NA
"298","Kimberley","Wilson",4,30,"Psychologist","London",1,"Blood Orange Cake","Chocolate, Raspberry & Basil Layer Cake",10,"IN"
"299","Kimberley","Wilson",4,30,"Psychologist","London",2,"Nigella Seed and Parmesan Breadsticks","Peace Bread",1,"IN"
"300","Kimberley","Wilson",4,30,"Psychologist","London",3,"Peach, Almond and Ginger Trifle","Chocolate Pistachio FinanciersLemon Bergamot Biscuits",6,"IN"
"301","Kimberley","Wilson",4,30,"Psychologist","London",4,"Pecan and Rosemary Caramel Apple Pie","Chicken, Bacon and Butternut Squash Pie",4,"STAR BAKER"
"302","Kimberley","Wilson",4,30,"Psychologist","London",5,"Cherry and Almond Bakewell Florentine Slice","Black and White Viennese Biscuit Stack",7,"IN"
"303","Kimberley","Wilson",4,30,"Psychologist","London",6,"Chai Spiced Ginger and Date Tea Loaf","Double Chocolate and Hazelnut BriochesDanish Kanelsnurrer",3,"IN"
"304","Kimberley","Wilson",4,30,"Psychologist","London",7,"Barberry and Apple Spotted Dickwith Maple Syrup and White Chocolate Custard","Pear, Malt and Butterscotch Mille-feuilleBlackberry and Lemon Verbena Crème Brûle Custard TartsFig, Orange and Thyme Galette",4,"IN"
"305","Kimberley","Wilson",4,30,"Psychologist","London",8,"Wild Garlic Pesto and Parma Ham Spelt Loaf","Butternut Squash and Spice Cake Toadstool House",2,"IN"
"306","Kimberley","Wilson",4,30,"Psychologist","London",9,"Pea Purée TartsCrab and Wasabi ProfiterolesSteamed Buns with Barbecue Chicken","Passion Fruit and Lime Opera Cake",1,"STAR BAKER"
"307","Kimberley","Wilson",4,30,"Psychologist","London",10,"Chicken and Pig Pie","Languages of Love Wedding Cake",1,"Runner-up"
"308","Lea","Harris",1,51,"Retired","Midlothian, Scotland",1,"Cranberry and Pistachio Cakewith Orange Flower Water Icing","Raspberries and Cream filled Chocolatewith Chocolate-dipped Fresh Fruit",10,"OUT"
"309","Lee","Banfield",7,67,"Pastor","Bolton",1,"St. Clements Orange and Lemon Drizzle Cake","Strawberry Surprise Mirror Cake",11,"OUT"
"310","Liam","Charles",8,19,"Student","North London",1,"Apple and Almond Crumble Maple Loaf","'Stackin' Sunday' Cake",8,"IN"
"311","Liam","Charles",8,19,"Student","North London",2,"Coffee Malted Pecan Shorties","'Classroom Classics' Game",7,"IN"
"312","Liam","Charles",8,19,"Student","North London",3,"Jamaican Spiced Teacakes","'Kneadapolitan' Bread Sculpture",5,"IN"
"313","Liam","Charles",8,19,"Student","North London",4,"Salted Peanut Butter Millionaire Shortbreads","White Layered Ginger Caramel Cake",3,"IN"
"314","Liam","Charles",8,19,"Student","North London",5,"Cherries & Lemons that are 'Baked Well'","'Cheers Lads' Trifle Terrine",2,"IN"
"315","Liam","Charles",8,19,"Student","North London",6,"'Standard FC' Decorative Pies","'Nan's Sunday Dinner' Pie",4,"STAR BAKER"
"316","Liam","Charles",8,19,"Student","North London",7,"'Just Doing Me' Cannoli","'Morning Delivery' Sfogliatelle",2,"IN"
"317","Liam","Charles",8,19,"Student","North London",8,"'Take Out' Bedfordshire Clangers","'Fort Wizardore' Savoy Cake",5,"OUT"
"318","Louise","Brimelow",1,44,"Police Officer","Manchester",1,"Carrot and Orange Cake","Never Fail Chocolate Sponge Cake,with Fresh Fruit, White & Chocolate Cigarello Border",NA,"IN"
"319","Louise","Brimelow",1,44,"Police Officer","Manchester",2,"Stained Glass Window Shortbread","Strawberry, Mint, and Cream Meringues  Chocolate Eclairs / Orange, Yellow and Pink Macarons",4,"OUT"
"320","Louise","Williams",7,46,"Hairdresser","Cardiff",1,"Orange Liqueur and Lemonade Drizzle Cake","White Chocolate Trifle Mirror Glaze Cake",9,"IN"
"321","Louise","Williams",7,46,"Hairdresser","Cardiff",2,"Baa Bara Brith Biscuits","Gingerbread Wedding",10,"OUT"
"322","Lucy","Bellamy",4,38,"Horticulturist","Grimsby, Lincolnshire",1,"Timperley Early Cake","Thyme 'Wildwood' Cake",2,"IN"
"323","Lucy","Bellamy",4,38,"Horticulturist","Grimsby, Lincolnshire",2,"Grissini with Salt","Roast Tomato Bread",12,"OUT"
"324","Luis","Troyano",5,42,"Graphic Designer","Poynton, Cheshire",1,"Spanish Swiss Roll","Raspberry and Lemon Genoise Slices with Lemon Drizzles",7,"IN"
"325","Luis","Troyano",5,42,"Graphic Designer","Poynton, Cheshire",2,"Black Olive and Rosemary Biscuits with Caramelised Onion Glaze","George Versus The Dragon",3,"IN"
"326","Luis","Troyano",5,42,"Graphic Designer","Poynton, Cheshire",3,"Opposites Attract Rolls","Roscón de Reyes",2,"STAR BAKER"
"327","Luis","Troyano",5,42,"Graphic Designer","Poynton, Cheshire",4,"Pears in Puddings","Bakewell Alaska",2,"IN"
"328","Luis","Troyano",5,42,"Graphic Designer","Poynton, Cheshire",5,"Tropical Manchester Tart","Four Fruity Seasons Tower",6,"IN"
"329","Luis","Troyano",5,42,"Graphic Designer","Poynton, Cheshire",6,"Apple and Cinnamon Kugelhopf with Honeyed Apples","The Cage on the Rocky Hill",3,"IN"
"330","Luis","Troyano",5,42,"Graphic Designer","Poynton, Cheshire",7,"Childhood Empanadas","Stars and Stripes Éclairs
(Blueberry Cheesecake & Peanut Butter and Jelly Éclairs)",5,"IN"
"331","Luis","Troyano",5,42,"Graphic Designer","Poynton, Cheshire",8,"Black Forest Cherry Tree","Cocktail Doughnuts
(Mudslide & Raspberry Mojito)",2,"IN"
"332","Luis","Troyano",5,42,"Graphic Designer","Poynton, Cheshire",9,"Indian Rose BaklavaHalwa Baklava Rolls","Chocolate Mousse & Cherry EntremetsPomegranate, Fig & Pistachio Sponges",1,"IN"
"333","Luis","Troyano",5,42,"Graphic Designer","Poynton, Cheshire",10,"Apple, Walnut, Raisin and Cheshire Cheese ChaussonsPain au Chocolat Blanc with Raspberries and Cream Cheese","Village in Chocolate",2,"Runner-up"
"334","Luke","Thompson",9,30,"Civil servant/house and techno DJ","Sheffield",NA,NA,NA,NA,NA
"335","Manisha","Parmar",3,27,"Nursery nurse","Leicester",1,"Vanilla, Peach and Raspberry","White Chocolate Cake with a Red Velvet and White Chocolate Mousse Heart",6,"IN"
"336","Manisha","Parmar",3,27,"Nursery nurse","Leicester",2,"Indian FlatbreadsItalian Flatbreads","UNKNOWN",6,"IN"
"337","Manisha","Parmar",3,27,"Nursery nurse","Leicester",3,"Cinnamon, Apple and Pear Tarte Tatin","Rum and Tropical Fruit Tart",10,"IN"
"338","Manisha","Parmar",3,27,"Nursery nurse","Leicester",4,"Almond, Chocolate and Cherry Torte","Tiramisu Layered Meringue Dessert",9,"IN"
"339","Manisha","Parmar",3,27,"Nursery nurse","Leicester",5,"Lamb Wellington with Rosemary and Mint","Banana Scotch Pie",5,"OUT"
"340","Manon","Lagrave",9,26,"Software project manager","London",NA,NA,NA,NA,NA
"341","Marie","Campbell",6,66,"Retired","Auchterarder, Perthshire",1,"Zingy Citrus Madeira Cake","A Walk in the Black Forest",3,"STAR BAKER"
"342","Marie","Campbell",6,66,"Retired","Auchterarder, Perthshire",2,"Biscotti Italiano","Russian Box",11,"OUT"
"343","Mark","Onley",4,37,"Carpenter and Kitchen Fitter","Milton Keynes",1,"Lemon and Poppy Seed Cake","Chocolate Monster",5,"IN"
"344","Mark","Onley",4,37,"Carpenter and Kitchen Fitter","Milton Keynes",2,"Rosemary & Raisin Breadsticks","Sage & Garlic Plait",6,"IN"
"345","Mark","Onley",4,37,"Carpenter and Kitchen Fitter","Milton Keynes",3,"Ginger, Mango and Passion Fruit Trifle","Rose and Pistachio MacaroonsChocolate and Raspberry Bites",11,"OUT"
"346","Mark","Whithers",1,48,"Bus Driver","South Wales",1,"Sticky Marmalade Tea Loaf","Heart-shaped Chocolate and Beetroot Cake with Store-Bought silver chocolate hearts and chocolate red and white roses.",NA,"OUT"
"347","Martha","Collison",5,17,"Student","Ascot, Berkshire",1,"Tiramisu Swiss Roll","Mini Lemon and Thyme Drizzle Cakes",2,"IN"
"348","Martha","Collison",5,17,"Student","Ascot, Berkshire",2,"Caramelised Onion and Goat's Cheese Sandwich Biscuits","Ski Village Scene",5,"IN"
"349","Martha","Collison",5,17,"Student","Ascot, Berkshire",3,"Date and Walnut Rye Rolls","Stuffed Sunflower Loaf",3,"IN"
"350","Martha","Collison",5,17,"Student","Ascot, Berkshire",4,"Peanut Butter Chocolate Fondants","Key Lime Baked Alaska",1,"IN"
"351","Martha","Collison",5,17,"Student","Ascot, Berkshire",5,"Pistachio, Apricot and Honey Custard Tart","Three Little Pigs Pie",1,"IN"
"352","Martha","Collison",5,17,"Student","Ascot, Berkshire",6,"Dark Chocolate and Almond Liqueur Savarin","Chess-Themed Chocolate and Salted Caramel Dobos Torte",4,"IN"
"353","Martha","Collison",5,17,"Student","Ascot, Berkshire",7,"Mini Beef Wellingtons","Rhubarb and Custard & Maple Syrup and Bacon Éclairs",3,"IN"
"354","Martha","Collison",5,17,"Student","Ascot, Berkshire",8,"Spiced Plum Iced Bread Swirl","Glazed Lemon & Poppy Seed DoughnutsChocolate & Passion Fruit Doughnuts",5,"OUT"
"355","Mary-Anne","Boermans",2,45,"Housewife","Kidderminster, Worcestershire",1,"Banoffee Cupcakes","Chocolate and Raspberry Opera cake",4,"IN"
"356","Mary-Anne","Boermans",2,45,"Housewife","Kidderminster, Worcestershire",2,"Roasted Cauliflower, Cheese andCaramelised Onion Quiche","Butterscotch Brulée Tarts in Pecan PastryApple Rose Tarts",9,"IN"
"357","Mary-Anne","Boermans",2,45,"Housewife","Kidderminster, Worcestershire",3,"Ploughman's Loaf","Herb and Walnut BreadsChocolate and Chilli Buns",5,"IN"
"358","Mary-Anne","Boermans",2,45,"Housewife","Kidderminster, Worcestershire",4,"Melting Moments","Blackcurrant and Mint MacaronsGooseberry and Elderflower MacaronsHazelnut Macarons",2,"IN"
"359","Mary-Anne","Boermans",2,45,"Housewife","Kidderminster, Worcestershire",5,"Chicken and Bacon Pie","Midnight Meringue",2,"IN"
"360","Mary-Anne","Boermans",2,45,"Housewife","Kidderminster, Worcestershire",6,"Tutti Fruitti Curd Baked Cheesecake","Orange and Praline Croquembouche with Cardamom Caramel",4,"IN"
"361","Mary-Anne","Boermans",2,45,"Housewife","Kidderminster, Worcestershire",7,"Chocolate and Orange Mousse Cake","Raspberry Rose DanishesPraline SpiralsAlsatian Plaited Danishes",2,"IN"
"362","Mary-Anne","Boermans",2,45,"Housewife","Kidderminster, Worcestershire",8,"Lemon and Ginger Mille Feuille","Fruit Tarts with Elderflower CustardStrawberry and Rhubarb CheesecakesBlack Fruit Meringue with Everlasting Syllabub",3,"Runner-up"
"363","Mat","Riley",6,37,"Fire fighter","London",1,"Gin and Tonic Madeira Cake","Black Forest Gateau",7,"IN"
"364","Mat","Riley",6,37,"Fire fighter","London",2,"Pistachio, Cranberry and White Chocolate Biscotti","Gingerbread Fire Engine",5,"IN"
"365","Mat","Riley",6,37,"Fire fighter","London",3,"Jalapeño, Mexican Cheddar and Smoked Salt Soda Breads","Curry Inspired Brighton Pavilion",8,"IN"
"366","Mat","Riley",6,37,"Fire fighter","London",4,"Coconut Crème Brûlées","Chocolate Bar Cheesecakes",7,"IN"
"367","Mat","Riley",6,37,"Fire fighter","London",5,"Sugar Free Carrot Cake","Raspberry and Coconut Ice Cream Roll",4,"IN"
"368","Mat","Riley",6,37,"Fire fighter","London",6,"Piña Colada Frangipane Tart","His 'n' Hers Vol-au-vents",1,"STAR BAKER"
"369","Mat","Riley",6,37,"Fire fighter","London",7,"Raised Venison and Pigeon Pie","Strawberry Charlotte Russe",6,"OUT"
"370","Michael","Chakraverty",10,26,"Theatre manager/fitness instructor","Stratford-upon-Avon",NA,NA,NA,NA,NA
"371","Michael","Georgiou",7,20,"Student","Durham",1,"Lime, Ginger and Honey Drizzle Cake","Matcha Tea Chocolate Mirror Glaze",3,"IN"
"372","Michael","Georgiou",7,20,"Student","Durham",2,"Malt, Chocolate and Orange Iced ""Beer"" Biscuits","Trip to See Santa in Lapland",9,"IN"
"373","Michael","Georgiou",7,20,"Student","Durham",3,"Chocolate and Chilli Swirl Plait","Cypriot Dove and Olive Branch Plaited Loaf with Houmous",7,"OUT"
"374","Michelle","Evans-Fecci",10,35,"Print shop administrator","Tenby, Wales",NA,NA,NA,NA,NA
"375","Miranda","Browne",1,37,"Food buyer for Marks & Spencer","Midhurst, West Sussex",1,"Triple Layered Brownie Meringue Cake
with Raspberry Cream","Three Tiered Chocolate Fudge Cake  with Handmade Chocolate Button Decorations",8,"IN"
"376","Miranda","Browne",1,37,"Food buyer for Marks & Spencer","Midhurst, West Sussex",2,"Fresh Vanilla Biscuits with Royal Icing","Pistachio Macarons",3,"IN"
"377","Miranda","Browne",1,37,"Food buyer for Marks & Spencer","Midhurst, West Sussex",3,"Walnut and Apricot Bread","Lemon Iced Buns
Chocolate and Orange Buns",3,"IN"
"378","Miranda","Browne",1,37,"Food buyer for Marks & Spencer","Midhurst, West Sussex",4,"Sticky Toffee Pudding","Queen of Puddings, Chocolate Pear Roly Poly, Strawberry and Rhubarb Crumble",1,"IN"
"379","Miranda","Browne",1,37,"Food buyer for Marks & Spencer","Midhurst, West Sussex",5,"Summery Salmon, Cod and Prawn Fish Pie","Chocolate Pastry filled with Orange Cheesecake  Chocolate Pastry filled with Milk Chocolate Ganche  Strawberry Tart with Red Currant Glaze  Cheesy Crab, Broad Bean and Tomato, Pancetta Risotto Canapés",1,"IN"
"380","Miranda","Browne",1,37,"Food buyer for Marks & Spencer","Midhurst, West Sussex",6,"Lemon Cupcake","Eliminated after signature",NA,"Runner-up"
"381","Nadiya","Hussain",6,30,"Full-time mother","Leeds / Luton",1,"Orange and Green Cardamom Madeira Cake","Quadruple Chocolate Black Forest Gâteau",12,"IN"
"382","Nadiya","Hussain",6,30,"Full-time mother","Leeds / Luton",2,"Coconut, Fennel and Pistachio Biscotti","Box of Fortunes",9,"IN"
"383","Nadiya","Hussain",6,30,"Full-time mother","Leeds / Luton",3,"Mexican Bread with Warm Tomato Salsa","Snake Charmer's Basket",9,"IN"
"384","Nadiya","Hussain",6,30,"Full-time mother","Leeds / Luton",4,"Cinnamon Tea Crème Brûlées","Fizzy Pop Cheesecakes",8,"IN"
"385","Nadiya","Hussain",6,30,"Full-time mother","Leeds / Luton",5,"Naked Blueberry and Caraway Crunch Cake","Chocolate and Strawberry Lime Ice Cream Roll",1,"STAR BAKER"
"386","Nadiya","Hussain",6,30,"Full-time mother","Leeds / Luton",6,"Bay Leaf, Rong Tea and Pear Tart","Bengali Korma and Clementine with Cod Vol-au-vents",4,"IN"
"387","Nadiya","Hussain",6,30,"Full-time mother","Leeds / Luton",7,"Aromatic Raised Game Pie","Mango and Raspberry Charlotte Russe",1,"IN"
"388","Nadiya","Hussain",6,30,"Full-time mother","Leeds / Luton",8,"Rose Pistachio and Mocha Hazelnut Horns","Bubble Gum and Peppermint Cream Religieuse à l'ancienne",1,"STAR BAKER"
"389","Nadiya","Hussain",6,30,"Full-time mother","Leeds / Luton",9,"Peanut Salted Caramel and Chocolate Tart","Peacock in Nan's Door",4,"STAR BAKER"
"390","Nadiya","Hussain",6,30,"Full-time mother","Leeds / Luton",10,"Cardamom and Almond Buns & Nutmeg and Sour Cherry Fingers","My Big Fat British Wedding Cake",1,"WINNER"
"391","Nancy","Birtwhistle",5,60,"Retired Practice Manager","Barton-upon-Humber, Lincolnshire",1,"Coffee and Hazelnut Swiss Roll","Jaffa Orange Cakes",1,"STAR BAKER"
"392","Nancy","Birtwhistle",5,60,"Retired Practice Manager","Barton-upon-Humber, Lincolnshire",2,"Fennel and Rye Thins","Hansel and Gretel Scene",2,"IN"
"393","Nancy","Birtwhistle",5,60,"Retired Practice Manager","Barton-upon-Humber, Lincolnshire",3,"Cider and Walnut Crusty Rolls","'Full English' Stromboli",5,"IN"
"394","Nancy","Birtwhistle",5,60,"Retired Practice Manager","Barton-upon-Humber, Lincolnshire",4,"Pistachio Puddings with Chocolate Sauce","Summer Pudding Alaska",4,"IN"
"395","Nancy","Birtwhistle",5,60,"Retired Practice Manager","Barton-upon-Humber, Lincolnshire",5,"Chocolate Crusted Passion Fruit Tart","Trio of Apple Pies",4,"IN"
"396","Nancy","Birtwhistle",5,60,"Retired Practice Manager","Barton-upon-Humber, Lincolnshire",6,"Rum Punch Savarin with Coconut Cream and Tropical Fruits","Chocolate and Caramel Dobos Torte",1,"IN"
"397","Nancy","Birtwhistle",5,60,"Retired Practice Manager","Barton-upon-Humber, Lincolnshire",7,"Spicy Duck Pasties","Smoked Salmon and Horseradish & Raspberry Ripple Éclairs",2,"IN"
"398","Nancy","Birtwhistle",5,60,"Retired Practice Manager","Barton-upon-Humber, Lincolnshire",8,"Lincolnshire Plum Braid","Doughnut Family Tree
(Limoncello and Almond & Milk Chocolate and Orange)",3,"IN"
"399","Nancy","Birtwhistle",5,60,"Retired Practice Manager","Barton-upon-Humber, Lincolnshire",9,"Coffee and Chocolate BaklavaBreakfast Baklava","Raspberry NonnettesLime and Passion Fruit Entremets",3,"IN"
"400","Nancy","Birtwhistle",5,60,"Retired Practice Manager","Barton-upon-Humber, Lincolnshire",10,"Apple and Lemon KitesRaspberry and Almond Croissants","Red Windmill",1,"WINNER"
"401","Natasha","Stringer",3,36,"Midwife","Tamworth, Staffordshire",1,"Pineapple & Passion Fruit","Mother's Day Layered Rose Cake",12,"OUT"
"402","Norman","Calder",5,66,"Retired Naval Officer","Portknockie, Moray",1,"Black Forest Swiss Roll","Almond and Raspberry Mini Cakes",11,"IN"
"403","Norman","Calder",5,66,"Retired Naval Officer","Portknockie, Moray",2,"Farthing Biscuits","Zulu Boats at Dawn",10,"IN"
"404","Norman","Calder",5,66,"Retired Naval Officer","Portknockie, Moray",3,"Rye Bread Rolls","Chicken and Roasted Vegetable Picnic Loaf",4,"IN"
"405","Norman","Calder",5,66,"Retired Naval Officer","Portknockie, Moray",4,"Mini Sticky Toffee Puddings","Baked Alaska with Strawberry Surprise",8,"IN"
"406","Norman","Calder",5,66,"Retired Naval Officer","Portknockie, Moray",5,"Tarte au Citron","Pieful Tower",5,"OUT"
"407","Paul","Jagger",6,49,"Prison governor","Swansea, Wales",1,"Lemon, Ginger and Caraway Seed Madeira Cake","Black Forest Chocolate Creation",10,"IN"
"408","Paul","Jagger",6,49,"Prison governor","Swansea, Wales",2,"Chocolate, Hazelnut and Fig Biscotti","Memory Box",10,"IN"
"409","Paul","Jagger",6,49,"Prison governor","Swansea, Wales",3,"Cranberry and Orange Sweet Soda Breads","King of the Jungle",10,"IN"
"410","Paul","Jagger",6,49,"Prison governor","Swansea, Wales",4,"Almond Crème Brûlées","Berry Cheesecake Tower",1,"IN"
"411","Paul","Jagger",6,49,"Prison governor","Swansea, Wales",5,"Carrot & Pecan Cake","Dessert Island Getaway",2,"IN"
"412","Paul","Jagger",6,49,"Prison governor","Swansea, Wales",6,"Christmas Frangipane Tart","Savoury and Sweet Bouchées",5,"IN"
"413","Paul","Jagger",6,49,"Prison governor","Swansea, Wales",7,"Not a Boaring Pie","Charlotte Rose",2,"IN"
"414","Paul","Jagger",6,49,"Prison governor","Swansea, Wales",8,"Café Tipple & Banana Crunch-away Horns","Religieuse à l'ancienne",5,"OUT"
"415","Peter","Abatan",8,52,"IT programme manager","Southend, Essex",1,"Coconut Cake","'Bread on a Breadboard' Cake",10,"OUT"
"416","Peter","Maloney",3,43,"Sales manager","Windsor, Berkshire",1,"Pear, Muscat & Chocolate","Jubilee Cake",3,"IN"
"417","Peter","Maloney",3,43,"Sales manager","Windsor, Berkshire",2,"Fennel and Nigella Seed NaanBannock Bread","Rosemary and Sea Salt Bagels
Apple and Cinnamon Bagels",11,"OUT"
"418","Phil","Thorne",10,56,"HGV driver","Rainham",NA,NA,NA,NA,NA
"419","Priya","O'Shea",10,34,"Marketing consultant","Leicester",NA,NA,NA,NA,NA
"420","Rahul","Mandal",9,30,"Research scientist","Rotherham",NA,NA,NA,NA,NA
"421","Rav","Bansal",7,28,"Student support","Erith",1,"Ginger Spice Yuzu Drizzle Cake","Colombian Mocha Mirror Glaze Cake",8,"IN"
"422","Rav","Bansal",7,28,"Student support","Erith",2,"Union Jack Bunting Biscuits","Gingerbread Christmas Fairground",6,"IN"
"423","Rav","Bansal",7,28,"Student support","Erith",3,"Chocolate, Cardamom and Hazelnut Loaf","Three Tier Diwali Bread Centrepiece",10,"IN"
"424","Rav","Bansal",7,28,"Student support","Erith",4,"Thai Tofu Panang Yorkshires","Three Dip Matcha Pistachio Churros",9,"IN"
"425","Rav","Bansal",7,28,"Student support","Erith",5,"Cinnamon Swirls and Pecan, Walnut and Maple Plaits","Chinese Style Prawn Filo Tartlets and Spiced White Chocolate and Hazelnut Samosas",8,"IN"
"426","Rav","Bansal",7,28,"Student support","Erith",6,"Mandarin Margarita Meringue Pie","Blossom Cake",3,"OUT"
"427","Richard","Burr",5,38,"Builder","Mill Hill, London",1,"Pistachio and Strawberry Swiss Roll","Miniature Coffee & Walnut Cakes",10,"IN"
"428","Richard","Burr",5,38,"Builder","Mill Hill, London",2,"Rosemary Seeded Crackers","Pirates!",1,"STAR BAKER"
"429","Richard","Burr",5,38,"Builder","Mill Hill, London",3,"Rye and Cranberry Rolls","Pesto Pinwheel",6,"IN"
"430","Richard","Burr",5,38,"Builder","Mill Hill, London",4,"Black Forest Chocolate Fondants","Tiramisu Baked Alaska",5,"STAR BAKER"
"431","Richard","Burr",5,38,"Builder","Mill Hill, London",5,"Fig and Orange Tart","Three Course Autumn Pie Feast",7,"IN"
"432","Richard","Burr",5,38,"Builder","Mill Hill, London",6,"Fruity Guglhupf with an Orange Glaze","Sugar Forest Dobos Torte",5,"IN"
"433","Richard","Burr",5,38,"Builder","Mill Hill, London",7,"Minted Lamb Pasties","Stair of Éclairs
(Lavender and Blueberry & Rose and Raspberry Éclairs)",1,"STAR BAKER"
"434","Richard","Burr",5,38,"Builder","Mill Hill, London",8,"Fruit Swedish Tea Ring","Rhubarb and Custard and Toffee Apple Doughnuts",4,"STAR BAKER"
"435","Richard","Burr",5,38,"Builder","Mill Hill, London",9,"Rose and Pistachio BaklavaWalnut and Almond Baklava","Hazelnut Mocha EntremetsPink Grapefruit Entremets",2,"STAR BAKER"
"436","Richard","Burr",5,38,"Builder","Mill Hill, London",10,"Pear Pain au ChocolatPain Au Lait","Mill on the Hill",3,"Runner-up"
"437","Robert","Billington",2,25,"Photographer","London",1,"Blackberry and Vanilla Cupcakeswith Liquorice Frosting","Genoise Layered Mousse Cakewith Chocolate Ganache",3,"IN"
"438","Robert","Billington",2,25,"Photographer","London",2,"Smoked Bacon and Kale Quiche","Chocolate, Fennel and Ginger TartAlmond, Creme Patissiere and Poached Pear Tart",5,"IN"
"439","Robert","Billington",2,25,"Photographer","London",3,"Rye and Coriander Seed Loaf","Blueberry Brioche RollsLemon and Poppy Seed Rolls",4,"IN"
"440","Robert","Billington",2,25,"Photographer","London",4,"Chocolate and Ginger Oat Biscuits","Strawberry and Lime MacaronsLemon MacaronsChocolate and Cardamom Macarons",7,"IN"
"441","Robert","Billington",2,25,"Photographer","London",5,"Chicken and Mushroom Pie","Rhubarb and Custard Meringue Pie",3,"OUT"
"442","Robert","Smart",4,54,"Space Satellite Designer","Melbourn, Cambridgeshire",1,"Pecan and Apple Cake","Raspberry Chocolate Cake",1,"STAR BAKER"
"443","Robert","Smart",4,54,"Space Satellite Designer","Melbourn, Cambridgeshire",2,"Twisty Rye Bread Sticks","Tribute Loaf",5,"IN"
"444","Robert","Smart",4,54,"Space Satellite Designer","Melbourn, Cambridgeshire",3,"Rhubarb and Orange Trifle","Almond FriandsTurǫn Macaroons",2,"IN"
"445","Robert","Smart",4,54,"Space Satellite Designer","Melbourn, Cambridgeshire",4,"Apple and Pear Pie with Thyme","Spanakopita with St George's Mushrooms",3,"IN"
"446","Robert","Smart",4,54,"Space Satellite Designer","Melbourn, Cambridgeshire",5,"Blueberry & Orange Traybake","Dalek",4,"OUT"
"447","Rosie","Brandreth-Poynter",10,28,"Veterinary surgeon","Somerset",NA,NA,NA,NA,NA
"448","Ruby","Bhogal",9,29,"Project manager","London",NA,NA,NA,NA,NA
"449","Ruby","Tandoh",4,20,"History of Art and Philosophy Student","Southend, Essex",1,"Rhubarb and Custard Sandwich Cake","Chocolate and Ginger Night Sky Cake",12,"IN"
"450","Ruby","Tandoh",4,20,"History of Art and Philosophy Student","Southend, Essex",2,"Mexican Breadsticks","White Chocolate and Orange Peacock Bread",3,"STAR BAKER"
"451","Ruby","Tandoh",4,20,"History of Art and Philosophy Student","Southend, Essex",3,"Desert Island Trifle","Lemon Shortbread and White Chocolate SeashellsBlackberry and Chocolate Layer Cakes",3,"IN"
"452","Ruby","Tandoh",4,20,"History of Art and Philosophy Student","Southend, Essex",4,"Apple and Marzipan Pie","Rose, Almond and Raspberry Filo Pie",6,"IN"
"453","Ruby","Tandoh",4,20,"History of Art and Philosophy Student","Southend, Essex",5,"Blackberry and Lemon Bakewell Slice","'Dropped Ice-Cream' Biscuit Centrepiece",6,"IN"
"454","Ruby","Tandoh",4,20,"History of Art and Philosophy Student","Southend, Essex",6,"Citrus Tea Loaf","Twisted Swedish KanelbullarSaffron St. Lucia Buns",1,"STAR BAKER"
"455","Ruby","Tandoh",4,20,"History of Art and Philosophy Student","Southend, Essex",7,"Plum Jam Roly-Polywith Ginger Ice cream","Raspberry and Passion Fruit Mille-feuilleCaramelised Apple LatticePortuguese Custard Tarts",2,"IN"
"456","Ruby","Tandoh",4,20,"History of Art and Philosophy Student","Southend, Essex",8,"Mango and Nigella Seed Spelt Cob","Carrot Cake and Pistachio Garden Plot",1,"STAR BAKER"
"457","Ruby","Tandoh",4,20,"History of Art and Philosophy Student","Southend, Essex",9,"Beetroot Jelly on Poppy Seed BiscuitsSpinach, Parmesan and Egg TartletsChoux Buns with Goat's Cheese and Caramelised Onions","Chocolate, Almond Praline and Saffron Opera Cake",4,"IN"
"458","Ruby","Tandoh",4,20,"History of Art and Philosophy Student","Southend, Essex",10,"Picnic Basket Pie","Raspberry, Lemon and Passion Fruit Wedding Cake",2,"Runner-up"
"459","Ruth","Clemens",1,31,"Retail manager/Housewife","Poynton, Cheshire",1,"Three Tiered Lemon Drizzle Cakewith Fresh Cream and freshly made Lemon Curd","Classic Chocolate Sponge wrapped in a Chocolate Collartopped with Handmade White and Dark Chocolate Truffles",NA,"IN"
"460","Ruth","Clemens",1,31,"Retail manager/Housewife","Poynton, Cheshire",2,"Peanut Shortbread withSalted Peanut Caramel","Almond Macaron with Violet ButtercreamRaspberries and Cream Eclairs",5,"IN"
"461","Ruth","Clemens",1,31,"Retail manager/Housewife","Poynton, Cheshire",3,"Maple and Pecan Bread","Chocolate and Orange Panettone
Cranberry Bagels",2,"IN"
"462","Ruth","Clemens",1,31,"Retail manager/Housewife","Poynton, Cheshire",4,"Peach and Blueberry Boy Bait","Apple & Ginger Crumble, Rhubarb Suet Crust, Cherry Queen of Puddings",4,"IN"
"463","Ruth","Clemens",1,31,"Retail manager/Housewife","Poynton, Cheshire",5,"Minced Beef Pie","Raspberry and Dark Chocolate Tart  Creme Patisserie and Cherry Tart  Citrus Curd Tart with Creme Brulee top  Tomato, Asparagus Twirl Canapés",3,"IN"
"464","Ruth","Clemens",1,31,"Retail manager/Housewife","Poynton, Cheshire",6,"Mint, Ginger and Blackberry Cake",NA,NA,"Runner-up"
"465","Ryan","Chong",3,38,"Photographer","Bristol",1,"Kumquat and Orange Polenta","Hidden Flowerbed Mousse Cake",8,"IN"
"466","Ryan","Chong",3,38,"Photographer","Bristol",2,"Shanghai Spring Onion FlatbreadsGarlic and Coriander Naan","Cinnamon and Date Bagels
Tarragon and Rosemary Bagels",5,"IN"
"467","Ryan","Chong",3,38,"Photographer","Bristol",3,"Spiced Pear Tarte Tatin","UNKNOWN",5,"IN"
"468","Ryan","Chong",3,38,"Photographer","Bristol",4,"Green Tea Opera Torte","Strawberry, Rose and Pistachio Meringue",7,"IN"
"469","Ryan","Chong",3,38,"Photographer","Bristol",5,"Curry Spiced Seabass Wellington","Key Lime Pie",8,"STAR BAKER"
"470","Ryan","Chong",3,38,"Photographer","Bristol",6,"Chocolate FondantsSticky Ginger and Date Puddings","Apple, Sour Cherry, Raisin and Mixed Nuts Strudel",6,"IN"
"471","Ryan","Chong",3,38,"Photographer","Bristol",7,"Lardy Cakes","Char Siu Bao",6,"OUT"
"472","Sandy","Docherty",6,49,"Child welfare officer","Yeadon, West Yorkshire",1,"Madeira Cake with Almond Liqueur and Chopped Apricots","Black Forest Gâteau",9,"IN"
"473","Sandy","Docherty",6,49,"Child welfare officer","Yeadon, West Yorkshire",2,"Chocolate Chunk and Hazelnut Biscotti","Sundried Tomato Cheese Biscuit Box",4,"IN"
"474","Sandy","Docherty",6,49,"Child welfare officer","Yeadon, West Yorkshire",3,"Soda Breads with Smoked Bacon and Onion","Basket of Bread Flowers with a Walnut and Blue Cheese Centre",7,"IN"
"475","Sandy","Docherty",6,49,"Child welfare officer","Yeadon, West Yorkshire",4,"Pontefract Crème Brûlées","Cassata, Whisky and Orange & Apple Pie Cheesecakes",6,"OUT"
"476","Sarah-Jane","Willis",3,28,"Vicar's wife","Bewbush, West Sussex",1,"Pear, Chocolate and Hazelnut","Hidden Crown Cake",1,"IN"
"477","Sarah-Jane","Willis",3,28,"Vicar's wife","Bewbush, West Sussex",2,"Toasted Coconut and Lime RotisOatcakes","UNKNOWN",10,"IN"
"478","Sarah-Jane","Willis",3,28,"Vicar's wife","Bewbush, West Sussex",3,"Caramelised Banana Tarte Tatin","French Apple Tart with Blackberry and Cassis Jam",8,"IN"
"479","Sarah-Jane","Willis",3,28,"Vicar's wife","Bewbush, West Sussex",4,"Chocolate and Almond Truffle Torte","Hazelnut Tiramisu Layered Meringue",4,"IN"
"480","Sarah-Jane","Willis",3,28,"Vicar's wife","Bewbush, West Sussex",5,"Beef Wellington with Parma Ham and Gorgonzola Cheese","Chocolate and Banana Cream Pie",4,"IN"
"481","Sarah-Jane","Willis",3,28,"Vicar's wife","Bewbush, West Sussex",6,"Sticky Toffee PuddingsGranny's Saucy Lemon Puddings","Sweet Strudel with Sour Cherries",4,"IN"
"482","Sarah-Jane","Willis",3,28,"Vicar's wife","Bewbush, West Sussex",7,"Orange, Nutmeg and Saffron Buns","Sour Cherry and Dark Chocolate Christmas Plait",7,"OUT"
"483","Selasi","Gbormittah",7,30,"Client service associate","London",1,"Citrus and Spice Drizzle Cake","Raspberry, Sloe and White Chocolate Mirror Glaze Cake",1,"IN"
"484","Selasi","Gbormittah",7,30,"Client service associate","London",2,"""Wheelie Hot Iced Biscuits""","Stained Glass Window Gingerbread Church",11,"IN"
"485","Selasi","Gbormittah",7,30,"Client service associate","London",3,"Chocolate, Orange and Cinnamon Bread","Bedouin Escape Tear and Share Bread",5,"IN"
"486","Selasi","Gbormittah",7,30,"Client service associate","London",4,"Perfect Sunday Roast Accompaniment","Lemon and Anise Churros",8,"IN"
"487","Selasi","Gbormittah",7,30,"Client service associate","London",5,"Rhubarb, Mango and Ginger Plait, and Pineapple and Coconut Pinwheels","Parma Ham, Asparagus and Cheese Filo Cigars and Coffee Cream Filo Cups",3,"IN"
"488","Selasi","Gbormittah",7,30,"Client service associate","London",6,"Grapefruit, Orange and Mint Meringue Pie","Three Tiered Ombré Floral Cake",7,"IN"
"489","Selasi","Gbormittah",7,30,"Client service associate","London",7,"Summer Picnic Roulade","Lemon, Strawberry and Passionfruit and Chocolate and Mint Mini Mousse Cakes",6,"IN"
"490","Selasi","Gbormittah",7,30,"Client service associate","London",8,"Bouquet of Flowers","Fruity Tudor Marchpane",3,"IN"
"491","Selasi","Gbormittah",7,30,"Client service associate","London",9,"Sundried Tomato, Onion, Peppers and Parmesan Palmiers and Salmon, Spinach and Mushroom Palmiers","Lime and Ginger Fondant Fancies and Pink Velvet and Raspberry Prosecco Fondant Fancies",4,"OUT"
"492","Simon","Blackwell",2,31,"Rugby Coach","Norfolk",1,"Guinness and Chocolate Cupcakes","Two-Tiered Chocolate Courgette Cake",9,"IN"
"493","Simon","Blackwell",2,31,"Rugby Coach","Norfolk",2,"Smoked Haddock and Watercress Quiche","Passion Fruit and Ricotta TartsSalted Chocolate, Stem Ginger and Mascarpone Cream Tarts",11,"OUT"
"494","Sophie","Faldo",8,33,"Former army officer and trainee stuntwoman","West Molesey, Surrey",1,"Pineapple and Coconut Sandwich Cake","'Champagne Bottle and Bucket' Cake",5,"IN"
"495","Sophie","Faldo",8,33,"Former army officer and trainee stuntwoman","West Molesey, Surrey",2,"Lemon Limoncino Sandwich Biscuits","'Snakes and Ladders' Game",2,"IN"
"496","Sophie","Faldo",8,33,"Former army officer and trainee stuntwoman","West Molesey, Surrey",3,"Tagine Teacakes","'Picnic Basket' Bread Sculpture",6,"IN"
"497","Sophie","Faldo",8,33,"Former army officer and trainee stuntwoman","West Molesey, Surrey",4,"Jaffa Millionaire Shortbreads","Bird's Nest Caramel Cake",4,"IN"
"498","Sophie","Faldo",8,33,"Former army officer and trainee stuntwoman","West Molesey, Surrey",5,"Ginger, Fig and Honey Steamed School Pudding","Raspberry, Yuzu & White Chocolate Bûche Trifle Terrine",1,"STAR BAKER"
"499","Sophie","Faldo",8,33,"Former army officer and trainee stuntwoman","West Molesey, Surrey",6,"'The Four Seasons' Decorative Pies","Game Pie with Glazed Forest Fruits",2,"IN"
"500","Sophie","Faldo",8,33,"Former army officer and trainee stuntwoman","West Molesey, Surrey",7,"'Classics with a Twist' Cannoli","'Classics' Sfogliatelle",3,"IN"
"501","Sophie","Faldo",8,33,"Former army officer and trainee stuntwoman","West Molesey, Surrey",8,"Char Siu & Banana Praline Bedfordshire Clangers","Citrus with Green Apple Croquembouche Savoy Cake",4,"IN"
"502","Sophie","Faldo",8,33,"Former army officer and trainee stuntwoman","West Molesey, Surrey",9,"Strawberry & Rhubarb and Chestnut & Vanilla Choux Buns","'Tutu with Opera Filling' Meringue Centrepiece",1,"STAR BAKER"
"503","Sophie","Faldo",8,33,"Former army officer and trainee stuntwoman","West Molesey, Surrey",10,"Spelt Boules, Mushroom Ciabatta and Orange Plaited Brioche","'Ode to the Honey Bee' Entremet",2,"WINNER"
"504","Stacey","Hart",8,42,"Former school teacher","Radlett, Hertfordshire",1,"Granny Smith Apple and Walnut Cake","'Black Evening Clutch Bag' Cake",11,"IN"
"505","Stacey","Hart",8,42,"Former school teacher","Radlett, Hertfordshire",2,"Sparkly Chocolate and Marshmallow Fluff Cookies","'Get to School' Game",9,"IN"
"506","Stacey","Hart",8,42,"Former school teacher","Radlett, Hertfordshire",3,"Cranberry and Cinnamon Teacakes","'Ascot Hat' Bread Sculpture",1,"IN"
"507","Stacey","Hart",8,42,"Former school teacher","Radlett, Hertfordshire",4,"Rum Salted Caramel Millionaire Shortbreads","Chocolate and Coffee Caramel Cake",1,"IN"
"508","Stacey","Hart",8,42,"Former school teacher","Radlett, Hertfordshire",5,"Bakewell Tart Steamed School Pudding","Tropical Trifle Terrine",4,"IN"
"509","Stacey","Hart",8,42,"Former school teacher","Radlett, Hertfordshire",6,"'Love Theme' Decorative Pies","Indian Hand Raised Pie with Mango",6,"IN"
"510","Stacey","Hart",8,42,"Former school teacher","Radlett, Hertfordshire",7,"My All Time Favourite Desserts","Pastry Surprise",4,"IN"
"511","Stacey","Hart",8,42,"Former school teacher","Radlett, Hertfordshire",8,"Camembert & Onion and Apple & Blueberry Bedfordshire Clangers","'Bright' Lemon & Orange Savoy Cake",3,"STAR BAKER"
"512","Stacey","Hart",8,42,"Former school teacher","Radlett, Hertfordshire",9,"'Choux-nicorn and Choux-moji' Choux Buns","'Flamingos in Love' Meringue Centrepiece",2,"OUT"
"513","Steph","Blackwell",10,28,"Shop assistant","Chester",NA,NA,NA,NA,NA
"514","Steven","Carter-Bailey",8,34,"Marketer","Watford, Hertfordshire",1,"Bonfire Night Cake","'A Baker's Lunch' Cake",6,"STAR BAKER"
"515","Steven","Carter-Bailey",8,34,"Marketer","Watford, Hertfordshire",2,"Amarpressi Biscuits","'Check Bake' Game",6,"STAR BAKER"
"516","Steven","Carter-Bailey",8,34,"Marketer","Watford, Hertfordshire",3,"Madras Cocktail Teacakes","'The Bag I Knead' Bread Sculpture",3,"IN"
"517","Steven","Carter-Bailey",8,34,"Marketer","Watford, Hertfordshire",4,"Orange Macadamia Nut Millionaire Shortbreads","Caramel Crown Cake",7,"IN"
"518","Steven","Carter-Bailey",8,34,"Marketer","Watford, Hertfordshire",5,"Lemon & Blackcurrant Drizzle Steamed School Pudding","'From Across the Jelly Pond' Trifle Terrine",5,"IN"
"519","Steven","Carter-Bailey",8,34,"Marketer","Watford, Hertfordshire",6,"'Fleetwood Mac' Decorative Pies","Christmas Pie",3,"IN"
"520","Steven","Carter-Bailey",8,34,"Marketer","Watford, Hertfordshire",7,"Italian Style Cannoli","'Sicilian-style' Sfogliatelle",1,"STAR BAKER"
"521","Steven","Carter-Bailey",8,34,"Marketer","Watford, Hertfordshire",8,"'Mediterranean Medley' Bedfordshire Clangers","Chestnut Rum Savoy Cake",1,"IN"
"522","Steven","Carter-Bailey",8,34,"Marketer","Watford, Hertfordshire",9,"Key Lime Cheesecake and Bakewell Tart Choux Buns","'Some Air Over the Rainbow' Meringue Centrepiece",3,"IN"
"523","Steven","Carter-Bailey",8,34,"Marketer","Watford, Hertfordshire",10,"Spelt & Rye, Toasted Garlic & Fontina and Sweet Chocolate Breads","'Yin Yang' Entremet",1,"Runner-up"
"524","Stu","Henshall",6,35,"Professional musician","Guildford, Surrey",1,"Marley Madeira Cake","Purple Forest Gâteau",11,"OUT"
"525","Stuart","Marston-Smith",3,26,"PE teacher","Lichfield, Staffordshire",1,"Tomato and Ginger","Lemon and Pistachio Union Flag Cake",9,"IN"
"526","Stuart","Marston-Smith",3,26,"PE teacher","Lichfield, Staffordshire",2,"Bombay BreadChorizo and Spring Onion Naan","Cinnamon and Cranberry Bagels
Tomato and Thyme Bagels",9,"IN"
"527","Stuart","Marston-Smith",3,26,"PE teacher","Lichfield, Staffordshire",3,"Pear and Almond Tarte Tatin","Raspberry Triple Chocolate Layered Tart",7,"IN"
"528","Stuart","Marston-Smith",3,26,"PE teacher","Lichfield, Staffordshire",4,"Black Forest Torte","Choca Blocka Mocha Meringue",8,"OUT"
"529","Tamal","Ray",6,29,"Trainee anaesthetist","Manchester",1,"Pistachio and Rose Madeira Cake","Black Forest Gâteau in a Chocolate Shell",4,"IN"
"530","Tamal","Ray",6,29,"Trainee anaesthetist","Manchester",2,"Cinnamon, Maple and Cranberry Biscotti","Chessboard Box",8,"IN"
"531","Tamal","Ray",6,29,"Trainee anaesthetist","Manchester",3,"Fig, Cheese and Walnut Breads","Breadcycle",3,"IN"
"532","Tamal","Ray",6,29,"Trainee anaesthetist","Manchester",4,"Rhubarb and Ginger Crème Brûlées","Mango, Hazelnut and Rosemary Cheesecake Trio",5,"IN"
"533","Tamal","Ray",6,29,"Trainee anaesthetist","Manchester",5,"Honey and Grapefruit Polenta Cake","Passion Fruit and Pineapple Ice Cream Roll",7,"IN"
"534","Tamal","Ray",6,29,"Trainee anaesthetist","Manchester",6,"Spiced Pear Frangipane Tart","Fennel and Rosemary Pulled Pork and Chicken and Coriander vol-au-vents",7,"IN"
"535","Tamal","Ray",6,29,"Trainee anaesthetist","Manchester",7,"Middle Eastern Game Pie","Spiced Blackberry, Raspberry and Cardamom Charlotte Russe",3,"STAR BAKER"
"536","Tamal","Ray",6,29,"Trainee anaesthetist","Manchester",8,"Lime & Mascarpone and Malt Cream Horns","Passionfruit & Mango and Pistachio & Raspberry Religieuse à l'ancienne",4,"IN"
"537","Tamal","Ray",6,29,"Trainee anaesthetist","Manchester",9,"Chocolate New York Pie","Chocolate Bell Tower",2,"IN"
"538","Tamal","Ray",6,29,"Trainee anaesthetist","Manchester",10,"Cinnamon and Apple & Toffee and Marmalade Iced Buns","Sticky Toffee Pudding Cake",3,"Runner-up"
"539","Terry","Hartill",9,56,"Retired air steward","West Midlands",NA,NA,NA,NA,NA
"540","Toby","Waterworth",4,30,"Web Programmer","Reading, Berkshire",1,"Spiced and Iced Carrot Cake","Two Tiered Chocolate Cake",13,"OUT"
"541","Tom","Gilliford",7,26,"Project engagement manager","Rochdale",1,"G&T Drizzle Cake","Black Forest Broken Mirror",2,"IN"
"542","Tom","Gilliford",7,26,"Project engagement manager","Rochdale",2,"Chai Frappelatteccino Biscuits","Tom and Pod's Near Death Experience",7,"IN"
"543","Tom","Gilliford",7,26,"Project engagement manager","Rochdale",3,"Chocolate Orange and Chilli Swirl Bread","Jörmungandr and Mjölnir",4,"STAR BAKER"
"544","Tom","Gilliford",7,26,"Project engagement manager","Rochdale",4,"West Yorkshire Fusion Puddings","Fennel Churros Snake In The Grass",5,"IN"
"545","Tom","Gilliford",7,26,"Project engagement manager","Rochdale",5,"Mega Breakfast Bonanzas; Granola Spirals and Wheat Foldovers","Yin and Yang Amuse-bouche",4,"IN"
"546","Tom","Gilliford",7,26,"Project engagement manager","Rochdale",6,"Blood Orange Halloween Pumpkin Pie","Floral Tea Cake",1,"STAR BAKER"
"547","Tom","Gilliford",7,26,"Project engagement manager","Rochdale",7,"Millionaire's Roulade","Hipster Picnic",5,"OUT"
"548","Tom","Hetherington",8,29,"Architect","Edinburgh",1,"Gilded Pear and Cardamom Cake","'Stack of Books' Cake",7,"IN"
"549","Tom","Hetherington",8,29,"Architect","Edinburgh",2,"Coffee and Amaretto Kisses","'Drain Pipes and Ladders' Game",5,"IN"
"550","Tom","Hetherington",8,29,"Architect","Edinburgh",3,"Orange and Cranberry Teacakes","'Pink & Yellow Rose Centrepiece' Bread Sculpture",4,"IN"
"551","Tom","Hetherington",8,29,"Architect","Edinburgh",4,"Stem Ginger Caramel Shortbreads","Hummingbird Cake",5,"OUT"
"552","Ugnė","Bubnaityte",6,32,"PA and administrator","Woodford, London / Vilkaviškis, Lithuania",1,"Lemon and Thyme Madeira Cake","Falling Cup Gâteau",1,"IN"
"553","Ugnė","Bubnaityte",6,32,"PA and administrator","Woodford, London / Vilkaviškis, Lithuania",2,"White Wine Biscotti","Baby Climbing into the Cookie Box",7,"IN"
"554","Ugnė","Bubnaityte",6,32,"PA and administrator","Woodford, London / Vilkaviškis, Lithuania",3,"Chocolate Quick Breads with Salted Caramel Sauce","Easter Basket",5,"IN"
"555","Ugnė","Bubnaityte",6,32,"PA and administrator","Woodford, London / Vilkaviškis, Lithuania",4,"Marula Fruit and Coffee Liqueur Crème Brûlées","Lime, Coconut and Hazelnut Cheesecakes",2,"IN"
"556","Ugnė","Bubnaityte",6,32,"PA and administrator","Woodford, London / Vilkaviškis, Lithuania",5,"Chocolate and Hazelnut Sugar-Free Cake","Chocolate, Peanut Butter and Grape Jam Roll",6,"OUT"
"557","Urvashi","Roe",2,40,"Head of Marketing","Enfield, London",1,"Cherry Blossom CupcakesJapanese Lime Cupcakes","UNKNOWN",7,"IN"
"558","Urvashi","Roe",2,40,"Head of Marketing","Enfield, London",2,"Crab, Coriander and Coconut Quiche","Strawberry and Basil TartsElderflower and Honeycomb Tarts",7,"IN"
"559","Urvashi","Roe",2,40,"Head of Marketing","Enfield, London",3,"Salt and Peppercorn Loaf","Chilli and Halloumi RollsLemon and Coriander Mini Loaves",9,"OUT"
"560","Val","Stones",7,66,"Semi-retired, Substitute teacher","Yeovil",1,"Mum's Orange and Lemon Drizzle","Chocolate Sponge with Four Fruit Frosting",10,"IN"
"561","Val","Stones",7,66,"Semi-retired, Substitute teacher","Yeovil",2,"Sunday Treat Iced Ice Cream Cone Biscuits","From Holland to New York via Yorkshire",5,"IN"
"562","Val","Stones",7,66,"Semi-retired, Substitute teacher","Yeovil",3,"Double Chocolate Cinnamon Twist Loaf","""And They All Went Into The Ark To Get Out Of The Rain""",1,"IN"
"563","Val","Stones",7,66,"Semi-retired, Substitute teacher","Yeovil",4,"Mum's Chilli Yorkshire Puddings","Orange Chocolate Churros",6,"IN"
"564","Val","Stones",7,66,"Semi-retired, Substitute teacher","Yeovil",5,"Pecan and Maple Syrup Pinwheels and Apple, Sultana and Cinnamon Swirls","Caramelised Red Onion, Goats Cheese Tartlets and Mincemeat and Apple Spiced Parcels",7,"OUT"
"565","Victoria","Chester",3,50,"CEO of the charity Plantlife","Somerset",1,"Pear and Pecan","Blackbird Pie Cake",4,"STAR BAKER"
"566","Victoria","Chester",3,50,"CEO of the charity Plantlife","Somerset",2,"Coriander and Lemon NaanGarlic and Parsnip Chapatis","Saffron and Golden Raisin Bagels
Porcini Bagels",7,"IN"
"567","Victoria","Chester",3,50,"CEO of the charity Plantlife","Somerset",3,"Fig, Walnut and Pink Peppercorn Tarte Tatin","Tropical Fruit Tart with Black Pepper Crust",4,"OUT"
"568","Yasmin","Limbert",2,43,"Childminder","West Kirby, The Wirral",1,"Cardamom and Pomegranate Cupcakes","UNKNOWN",5,"IN"
"569","Yasmin","Limbert",2,43,"Childminder","West Kirby, The Wirral",2,"Smoked Haddock and Watercress Quiche","Chocolate and Orange with Cinnamon-Orange Pastry TartsBlueberry and Hazelnut with Hazelnut Pastry Tarts",6,"IN"
"570","Yasmin","Limbert",2,43,"Childminder","West Kirby, The Wirral",3,"Egyptian Dukkah Loaf with Mixed Spices","Pesto Bread
Sweet Coconut Rolls",2,"STAR BAKER"
"571","Yasmin","Limbert",2,43,"Childminder","West Kirby, The Wirral",4,"Chocolate Chip and Pistachio Biscotti","Chocolate and Lime MacaronsCoffee and Walnut MacaronsPineapple and Coconut Macarons",6,"IN"
"572","Yasmin","Limbert",2,43,"Childminder","West Kirby, The Wirral",5,"Family Fish Pie","Peach and Raspberry Meringue Pie",5,"IN"
"573","Yasmin","Limbert",2,43,"Childminder","West Kirby, The Wirral",6,"Baked Amaretto Cheesecake","Rose Croquembouche",2,"OUT"
